<application>
  <component name="CodeFoldingSettings">
    <option name="COLLAPSE_IMPORTS" value="false" />
    <option name="COLLAPSE_FILE_HEADER" value="false" />
    <option name="COLLAPSE_DOC_COMMENTS" value="true" />
  </component>
  <component name="CodeInsightSettings">
    <option name="SURROUND_SELECTION_ON_QUOTE_TYPED" value="false" />
  </component>
  <component name="DaemonCodeAnalyzerSettings" profile="HrDefaultFull - Quick" />
  <component name="DefaultFont">
    <option name="FONT_FAMILY" value="Fixedsys Excelsior" />
    <option name="LINE_SPACING" value="1.0" />
    <option name="USE_LIGATURES" value="true" />
  </component>
  <component name="EditorSettings">
    <option name="languageBreadcrumbsMap">
      <map>
        <entry key="PHP" value="true" />
      </map>
    </option>
    <option name="USE_SOFT_WRAPS" value="" />
    <option name="IS_RIGHT_MARGIN_SHOWN" value="false" />
    <option name="SHOW_BREADCRUMBS_ABOVE" value="true" />
    <option name="IS_WHITESPACES_SHOWN" value="true" />
  </component>
  <component name="PhpCodeFoldingSettings">
    <option name="COLLAPSE_IMPORTS" value="false" />
  </component>
</application>