<application>
  <component name="FindSettings">
    <option name="customScope" value="File '...\modules\targets\widgets\target\views\target-grid.php'" />
    <option name="defaultScopeName" value="File '...\modules\targets\widgets\target\views\target-grid.php'" />
    <option name="searchOverloadedMethods" value="true" />
    <option name="SEARCH_OVERLOADED_METHODS" value="true" />
    <option name="SEARCH_SCOPE" value="File '...\modules\targets\widgets\target\views\target-grid.php'" />
    <option name="FILE_MASK" value="*.php" />
  </component>
</application>