<application>
  <component name="GraziConfig">
    <option name="enabledLanguages">
      <set>
        <option value="English (US)" />
        <option value="Russian" />
      </set>
    </option>
    <option name="disabledGrammarStrategies">
      <set>
        <option value="JavaScript:JavaScript" />
        <option value="com.intellij.php.grazie:PHP" />
        <option value="tanvd.grazi:JSON" />
        <option value="tanvd.grazi:Markdown" />
        <option value="tanvd.grazi:TEXT" />
        <option value="tanvd.grazi:XML" />
        <option value="tanvd.grazi:yaml" />
      </set>
    </option>
    <option name="userEnabledRules">
      <set>
        <option value="Wrong_group_punct" />
        <option value="MAGAZINE" />
        <option value="RESIN" />
        <option value="SENTENCE_WHITESPACE" />
        <option value="Three_dot" />
        <option value="VINE" />
        <option value="RU_UNPAIRED_BRACKETS" />
        <option value="UTILIZE" />
        <option value="PARAGRAPH" />
        <option value="TRAP" />
        <option value="INSULT" />
        <option value="TRANSLATION" />
        <option value="Digit_comnatnaja" />
        <option value="ANEDOTE" />
        <option value="KAVITCHKI" />
        <option value="INTELLIGENCE" />
        <option value="RU_WORD_REPEAT" />
        <option value="PATRONE" />
        <option value="Skazuem_sovmestnoje_dejstvije" />
        <option value="MARMALADE" />
        <option value="BALLOON" />
        <option value="GYM" />
        <option value="COMPLEX_SOUZ_PUNCT" />
        <option value="LISTEN" />
        <option value="CONCOURSE" />
        <option value="POLICE" />
        <option value="COMMA_PARENTHESIS_WHITESPACE" />
        <option value="ABORT" />
        <option value="BOX" />
        <option value="PROSPECT" />
        <option value="ACADEMIC" />
        <option value="TON" />
        <option value="WAGON" />
        <option value="VOCAL" />
        <option value="PRETEND" />
        <option value="ZEPHYR" />
        <option value="LOOK" />
        <option value="Digit_defis_letter" />
        <option value="LIST" />
        <option value="LUNATIC" />
        <option value="UPPERCASE_SENTENCE_START" />
        <option value="PUNKT_KOTORIJ1" />
        <option value="REVISION" />
        <option value="Ne_narech2" />
        <option value="CABINET" />
        <option value="MissingYO" />
        <option value="Obobchajuchee_slovo" />
        <option value="Unknown_words" />
        <option value="ACTUAL" />
        <option value="AMBITIOUS" />
        <option value="OBLIGATION" />
        <option value="AGGRESSIVE" />
        <option value="FINNISH" />
        <option value="LIVE" />
        <option value="TIRE" />
        <option value="AllCaps" />
        <option value="ORDER" />
        <option value="STOOL" />
        <option value="Unify_PNN_NN_number" />
        <option value="BATON" />
        <option value="WALLET" />
        <option value="RECEIPT" />
        <option value="postscriptum" />
        <option value="VELVET" />
        <option value="RU_DASH_RULE" />
        <option value="PUNKT_KAVITCHKI" />
        <option value="BALL" />
        <option value="ACCURATE" />
        <option value="REALIZE" />
        <option value="LIQUIDIZE" />
        <option value="OFFICER" />
        <option value="DOUBL_KAVITCHKI" />
        <option value="CARTON" />
        <option value="TROOP" />
        <option value="PREDLOGI_KROME" />
        <option value="tem_ne_menee" />
        <option value="ROST" />
        <option value="ACCORD" />
        <option value="SYMPATHY" />
        <option value="BLAGOZVUCHNOST" />
        <option value="CLAY" />
      </set>
    </option>
    <option name="checkingContext">
      <CheckingContext>
        <option name="isCheckInCommentsEnabled" value="false" />
      </CheckingContext>
    </option>
  </component>
</application>