<application>
  <component name="GeneralSettings">
    <option name="confirmExit" value="false" />
    <option name="searchInBackground" value="true" />
    <option name="showTipsOnStartup" value="false" />
    <option name="useDefaultBrowser" value="false" />
  </component>
  <component name="Registry">
    <entry key="ide.firstStartup" value="false" />
    <entry key="dumb.aware.run.configurations" value="true" />
    <entry key="debugger.watches.in.variables" value="false" />
  </component>
</application>