<application>
  <component name="MessDetector">
    <phpmd_settings>
      <MessDetectorConfiguration tool_path="C:/LIFE/OpenServer/domains/lightcab/vendor/bin/phpmd" />
    </phpmd_settings>
  </component>
  <component name="PhpAutoImport" auto_import_file_scope="true" global_class_behavior="PREFER_IMPORT" />
  <component name="PhpCodeSniffer">
    <phpcs_settings>
      <PhpCSConfiguration standards="MySource;PEAR;PSR1;PSR2;Squiz;Zend" tool_path="C:/Users/Asus/AppData/Roaming/Composer/vendor/bin/phpcs" timeout="30000" />
    </phpcs_settings>
  </component>
  <component name="PhpInterpreters">
    <interpreters>
      <interpreter id="915b8759-000b-4104-acb5-712a1a37d749" name="PHP" home="C:\LIFE\OpenServer\modules\php\PHP-5.6\php.exe" debugger_id="php.debugger.XDebug" />
      <interpreter id="2eb18d8b-67e1-4c10-954b-20cea5d00d9d" name="PHP 7.2" home="C:\LIFE\OpenServer\modules\php\PHP-7.2-x64\php.exe" debugger_id="php.debugger.XDebug" />
    </interpreters>
  </component>
  <component name="PhpInterpretersPhpInfoCache">
    <phpInfoCache>
      <interpreter name="PHP 7.2">
        <phpinfo binary_type="PHP" php_cgi="C:\LIFE\OpenServer\modules\php\PHP-7.2-x64\php-cgi.exe" php_cli="C:\LIFE\OpenServer\modules\php\PHP-7.2-x64\php.exe" path_separator=";" version="7.2.0">
          <additional_php_ini />
          <configuration_file>C:\LIFE\OpenServer\modules\php\PHP-7.2-x64\php.ini</configuration_file>
          <configuration_options>
            <configuration_option name="include_path" value=".;c:/life/openserver/modules/php/PHP-7.2-x64;c:/life/openserver/modules/php/PHP-7.2-x64/PEAR/pear" />
          </configuration_options>
          <debuggers>
            <debugger_info debugger="xdebug" debugger_version="2.6.0">
              <debug_extensions />
            </debugger_info>
          </debuggers>
          <loaded_extensions>
            <extension name="Core" />
            <extension name="PDO" />
            <extension name="Phar" />
            <extension name="Reflection" />
            <extension name="SPL" />
            <extension name="SimpleXML" />
            <extension name="bcmath" />
            <extension name="bz2" />
            <extension name="calendar" />
            <extension name="ctype" />
            <extension name="curl" />
            <extension name="date" />
            <extension name="dom" />
            <extension name="exif" />
            <extension name="fileinfo" />
            <extension name="filter" />
            <extension name="ftp" />
            <extension name="gd" />
            <extension name="gettext" />
            <extension name="hash" />
            <extension name="iconv" />
            <extension name="igbinary" />
            <extension name="imap" />
            <extension name="json" />
            <extension name="libxml" />
            <extension name="mbstring" />
            <extension name="mysqli" />
            <extension name="mysqlnd" />
            <extension name="odbc" />
            <extension name="openssl" />
            <extension name="pcre" />
            <extension name="pdo_mysql" />
            <extension name="pdo_pgsql" />
            <extension name="pdo_sqlite" />
            <extension name="readline" />
            <extension name="redis" />
            <extension name="session" />
            <extension name="soap" />
            <extension name="sockets" />
            <extension name="sqlite3" />
            <extension name="standard" />
            <extension name="timezonedb" />
            <extension name="tokenizer" />
            <extension name="wddx" />
            <extension name="xdebug" />
            <extension name="xml" />
            <extension name="xmlreader" />
            <extension name="xmlrpc" />
            <extension name="xmlwriter" />
            <extension name="xsl" />
            <extension name="zip" />
            <extension name="zlib" />
          </loaded_extensions>
        </phpinfo>
      </interpreter>
      <interpreter name="PHP">
        <phpinfo binary_type="PHP" php_cgi="C:\LIFE\OpenServer\modules\php\PHP-5.6\php-cgi.exe" php_cli="C:\LIFE\OpenServer\modules\php\PHP-5.6\php.exe" path_separator=";" remote_host="127.0.0.1" version="5.6.3">
          <additional_php_ini />
          <configuration_file>C:\LIFE\OpenServer\modules\php\PHP-5.6\php.ini</configuration_file>
          <configuration_options>
            <configuration_option name="include_path" value=".;c:/life/openserver/modules/php/PHP-5.6;c:/life/openserver/modules/php/PHP-5.6/PEAR/pear" />
          </configuration_options>
          <debuggers />
          <loaded_extensions>
            <extension name="Core" />
            <extension name="PDFlib" />
            <extension name="PDO" />
            <extension name="Phar" />
            <extension name="Reflection" />
            <extension name="SPL" />
            <extension name="SimpleXML" />
            <extension name="bcmath" />
            <extension name="bz2" />
            <extension name="calendar" />
            <extension name="ctype" />
            <extension name="curl" />
            <extension name="date" />
            <extension name="dom" />
            <extension name="ereg" />
            <extension name="exif" />
            <extension name="fileinfo" />
            <extension name="filter" />
            <extension name="ftp" />
            <extension name="gd" />
            <extension name="gettext" />
            <extension name="hash" />
            <extension name="iconv" />
            <extension name="igbinary" />
            <extension name="imap" />
            <extension name="ionCube Loader" />
            <extension name="json" />
            <extension name="libxml" />
            <extension name="mbstring" />
            <extension name="mcrypt" />
            <extension name="memcache" />
            <extension name="mhash" />
            <extension name="mongo" />
            <extension name="mysql" />
            <extension name="mysqli" />
            <extension name="mysqlnd" />
            <extension name="odbc" />
            <extension name="openssl" />
            <extension name="pcre" />
            <extension name="pdo_mysql" />
            <extension name="pdo_pgsql" />
            <extension name="pdo_sqlite" />
            <extension name="redis" />
            <extension name="session" />
            <extension name="soap" />
            <extension name="sockets" />
            <extension name="sqlite3" />
            <extension name="standard" />
            <extension name="timezonedb" />
            <extension name="tokenizer" />
            <extension name="wddx" />
            <extension name="xml" />
            <extension name="xmlreader" />
            <extension name="xmlrpc" />
            <extension name="xmlwriter" />
            <extension name="xsl" />
            <extension name="zip" />
            <extension name="zlib" />
          </loaded_extensions>
        </phpinfo>
      </interpreter>
    </phpInfoCache>
  </component>
  <component name="PhpSmartKeysConfiguration">
    <option name="autoInsertFullPhpOpenTag" value="false" />
  </component>
</application>