<application>
  <component name="ProjectManager">
    <defaultProject>
      <component name="ComposerSettings">
        <execution>
          <executable />
        </execution>
      </component>
      <component name="Encoding">
        <file url="PROJECT" charset="UTF-8" />
      </component>
      <component name="MessDetector">
        <phpmd_settings>
          <MessDetectorConfiguration tool_path="C:/LIFE/OpenServer/domains/lightcab/vendor/bin/phpmd" />
        </phpmd_settings>
      </component>
      <component name="PhpCodeSniffer">
        <phpcs_settings>
          <PhpCSConfiguration standards="MySource;PEAR;PSR1;PSR2;Squiz;Zend" tool_path="C:/Users/Asus/AppData/Roaming/Composer/vendor/bin/phpcs" timeout="30000" />
        </phpcs_settings>
      </component>
      <component name="PhpProjectSharedConfiguration" php_language_level="7.2" />
      <component name="PropertiesComponent">
        <property name="nodejs_interpreter_path.stuck_in_default_project" value="undefined stuck path" />
        <property name="nodejs_npm_path_reset_for_default_project" value="true" />
        <property name="settings.editor.selected.configurable" value="settings.php.quality.tools" />
      </component>
      <component name="VcsContentAnnotationSettings">
        <option name="myLimit" value="2678400000" />
      </component>
      <component name="Yii2 Support">
        <option name="migrateCommands">
          <list>
            <MigrateCommand>
              <option name="isDefault" value="true" />
              <option name="command" value="migrate" />
              <option name="migrationTable" value="{{%migration}}" />
              <option name="db" value="db" />
              <option name="migrationPath">
                <list>
                  <option value="@app/migrations" />
                </list>
              </option>
            </MigrateCommand>
          </list>
        </option>
        <option name="aliasMap">
          <map>
            <entry key="@webroot" value="@app/web" />
            <entry key="@vendor" value="vendor" />
            <entry key="@runtime" value="@app/runtime" />
            <entry key="@yii2support-console-command-app-root" value="" />
          </map>
        </option>
      </component>
    </defaultProject>
  </component>
</application>