<application>
  <component name="DependencyUISettings">
    <option name="UI_SHOW_FILES" value="false" />
  </component>
  <component name="UISettings">
    <option name="EDITOR_TAB_LIMIT" value="100" />
    <option name="HIDE_TABS_IF_NEED" value="false" />
    <option name="MARK_MODIFIED_TABS_WITH_ASTERISK" value="true" />
    <option name="MAX_LOOKUP_LIST_HEIGHT" value="40" />
    <option name="MAX_LOOKUP_WIDTH2" value="1144" />
    <option name="SCROLL_TAB_LAYOUT_IN_EDITOR" value="false" />
    <option name="SHOW_CLOSE_BUTTON" value="false" />
  </component>
</application>