<application>
  <component name="GitRememberedInputs">
    <option name="visitedUrls">
      <list>
        <UrlAndUserName>
          <option name="url" value="http://github.com" />
          <option name="userName" value="pozitronik" />
        </UrlAndUserName>
        <UrlAndUserName>
          <option name="url" value="https://Pozitronik@bitbucket.org/DevAcq/hr.git" />
          <option name="userName" value="" />
        </UrlAndUserName>
        <UrlAndUserName>
          <option name="url" value="https://Pozitronik@bitbucket.org/Pozitronik/thankcab.git" />
          <option name="userName" value="" />
        </UrlAndUserName>
        <UrlAndUserName>
          <option name="url" value="http://bitbucket.org" />
          <option name="userName" value="Pozitronik" />
        </UrlAndUserName>
        <UrlAndUserName>
          <option name="url" value="git@gitlab.com:wi_pmo/pmo.git" />
          <option name="userName" value="" />
        </UrlAndUserName>
      </list>
    </option>
    <option name="cloneParentDir" value="C:\LIFE\domains" />
  </component>
  <component name="Vcs.Log.App.Settings">
    <option name="COMPACT_REFERENCES_VIEW" value="false" />
    <option name="COLUMN_ORDER">
      <list>
        <option value="0" />
        <option value="1" />
        <option value="2" />
        <option value="3" />
      </list>
    </option>
  </component>
</application>