<profile version="1.0">
  <option name="myName" value="Default" />
  <inspection_tool class="Annotator" enabled="false" level="ERROR" enabled_by_default="false" />
  <inspection_tool class="CheckEmptyScriptTag" enabled="false" level="WARNING" enabled_by_default="false" />
  <inspection_tool class="CssUnknownProperty" enabled="true" level="WARNING" enabled_by_default="true">
    <option name="myCustomPropertiesEnabled" value="true" />
    <option name="myIgnoreVendorSpecificProperties" value="false" />
    <option name="myCustomPropertiesList">
      <value>
        <list size="1">
          <item index="0" class="java.lang.String" itemvalue="vertical-align" />
        </list>
      </value>
    </option>
  </inspection_tool>
  <inspection_tool class="CssUnknownTarget" enabled="false" level="ERROR" enabled_by_default="false" />
  <inspection_tool class="CssUnusedSymbol" enabled="false" level="WARNING" enabled_by_default="false" />
  <inspection_tool class="ES6ConvertVarToLetConst" enabled="false" level="WARNING" enabled_by_default="false" />
  <inspection_tool class="ES6ModulesDependencies" enabled="false" level="WEAK WARNING" enabled_by_default="false" />
  <inspection_tool class="HtmlFormInputWithoutLabel" enabled="false" level="WARNING" enabled_by_default="false" />
  <inspection_tool class="HtmlUnknownAttribute" enabled="false" level="WARNING" enabled_by_default="false">
    <option name="myValues">
      <value>
        <list size="1">
          <item index="0" class="java.lang.String" itemvalue="external_fragment" />
        </list>
      </value>
    </option>
    <option name="myCustomValuesEnabled" value="true" />
  </inspection_tool>
  <inspection_tool class="HtmlUnknownTag" enabled="false" level="WARNING" enabled_by_default="false">
    <option name="myValues">
      <value>
        <list size="11">
          <item index="0" class="java.lang.String" itemvalue="nobr" />
          <item index="1" class="java.lang.String" itemvalue="noembed" />
          <item index="2" class="java.lang.String" itemvalue="comment" />
          <item index="3" class="java.lang.String" itemvalue="noscript" />
          <item index="4" class="java.lang.String" itemvalue="embed" />
          <item index="5" class="java.lang.String" itemvalue="script" />
          <item index="6" class="java.lang.String" itemvalue="нет" />
          <item index="7" class="java.lang.String" itemvalue="все" />
          <item index="8" class="java.lang.String" itemvalue="не" />
          <item index="9" class="java.lang.String" itemvalue="file" />
          <item index="10" class="java.lang.String" itemvalue="record" />
        </list>
      </value>
    </option>
    <option name="myCustomValuesEnabled" value="true" />
  </inspection_tool>
  <inspection_tool class="HtmlUnknownTarget" enabled="false" level="WARNING" enabled_by_default="false" />
  <inspection_tool class="JSCheckFunctionSignatures" enabled="false" level="WEAK WARNING" enabled_by_default="false" />
  <inspection_tool class="JSEqualityComparisonWithCoercion" enabled="false" level="WARNING" enabled_by_default="false" />
  <inspection_tool class="JSUnusedAssignment" enabled="false" level="WARNING" enabled_by_default="false" />
  <inspection_tool class="JSUnusedGlobalSymbols" enabled="false" level="WARNING" enabled_by_default="false" />
  <inspection_tool class="MessDetectorValidationInspection" enabled="true" level="WEAK WARNING" enabled_by_default="true">
    <option name="CODESIZE" value="true" />
    <option name="CONTROVERSIAL" value="true" />
    <option name="DESIGN" value="true" />
    <option name="UNUSEDCODE" value="true" />
    <option name="NAMING" value="true" />
  </inspection_tool>
  <inspection_tool class="MissedFieldInspection" enabled="false" level="ERROR" enabled_by_default="false" />
  <inspection_tool class="MissedViewInspection" enabled="false" level="ERROR" enabled_by_default="false" />
  <inspection_tool class="MissingActiveRecordInActiveQueryInspection" enabled="false" level="ERROR" enabled_by_default="false" />
  <inspection_tool class="PhpCSValidationInspection" enabled="false" level="WEAK WARNING" enabled_by_default="false">
    <option name="CODING_STANDARD" value="Custom" />
  </inspection_tool>
  <inspection_tool class="PhpMissingDocCommentInspection" enabled="true" level="WARNING" enabled_by_default="true" />
  <inspection_tool class="PhpUnhandledExceptionInspection" enabled="false" level="WARNING" enabled_by_default="false" />
  <inspection_tool class="PhpUnnecessaryFullyQualifiedNameInspection" enabled="false" level="WEAK WARNING" enabled_by_default="false" />
  <inspection_tool class="PhpUnusedParameterInspection" enabled="true" level="WARNING" enabled_by_default="true">
    <option name="DONT_REPORT_ANONYMOUS" value="true" />
  </inspection_tool>
  <inspection_tool class="RequireParameterInspection" enabled="false" level="ERROR" enabled_by_default="false" />
  <inspection_tool class="TranslationsCorrectnessInspection" enabled="false" level="WEAK WARNING" enabled_by_default="false" />
</profile>