<profile version="1.0">
  <option name="myName" value="Pozitronik (NO EA Extended)" />
  <inspection_tool class="AccessModifierPresentedInspection" enabled="false" level="WEAK WARNING" enabled_by_default="false" />
  <inspection_tool class="AdditionOperationOnArraysInspection" enabled="false" level="WARNING" enabled_by_default="false" />
  <inspection_tool class="AliasFunctionsUsageInspection" enabled="false" level="WARNING" enabled_by_default="false" />
  <inspection_tool class="AlterInForeachInspection" enabled="false" level="WARNING" enabled_by_default="false" />
  <inspection_tool class="AmbiguousMethodsCallsInArrayMappingInspection" enabled="false" level="WARNING" enabled_by_default="false" />
  <inspection_tool class="Annotator" enabled="false" level="ERROR" enabled_by_default="false" />
  <inspection_tool class="ArgumentUnpackingCanBeUsedInspection" enabled="false" level="WARNING" enabled_by_default="false" />
  <inspection_tool class="ArrayCastingEquivalentInspection" enabled="false" level="WEAK WARNING" enabled_by_default="false" />
  <inspection_tool class="ArrayPushMissUseInspection" enabled="false" level="WARNING" enabled_by_default="false" />
  <inspection_tool class="ArraySearchUsedAsInArrayInspection" enabled="false" level="WARNING" enabled_by_default="false" />
  <inspection_tool class="ArrayTypeOfParameterByDefaultValueInspection" enabled="false" level="WEAK WARNING" enabled_by_default="false" />
  <inspection_tool class="ArrayUniqueCanBeUsedInspection" enabled="false" level="WEAK WARNING" enabled_by_default="false" />
  <inspection_tool class="AutoloadingIssuesInspection" enabled="false" level="WARNING" enabled_by_default="false" />
  <inspection_tool class="BacktickOperatorUsageInspection" enabled="false" level="WARNING" enabled_by_default="false" />
  <inspection_tool class="CallableInLoopTerminationConditionInspection" enabled="false" level="ERROR" enabled_by_default="false" />
  <inspection_tool class="CallableMethodValidityInspection" enabled="false" level="WARNING" enabled_by_default="false" />
  <inspection_tool class="CallableParameterUseCaseInTypeContextInspection" enabled="false" level="WARNING" enabled_by_default="false" />
  <inspection_tool class="CallableReferenceNameMismatchInspection" enabled="false" level="WEAK WARNING" enabled_by_default="false" />
  <inspection_tool class="CascadeStringReplacementInspection" enabled="false" level="WARNING" enabled_by_default="false" />
  <inspection_tool class="CascadingDirnameCallsInspection" enabled="false" level="WARNING" enabled_by_default="false" />
  <inspection_tool class="CaseInsensitiveStringFunctionsMissUseInspection" enabled="false" level="WARNING" enabled_by_default="false" />
  <inspection_tool class="CheckEmptyScriptTag" enabled="false" level="WARNING" enabled_by_default="false" />
  <inspection_tool class="ClassConstantCanBeUsedInspection" enabled="false" level="WEAK WARNING" enabled_by_default="false" />
  <inspection_tool class="ClassConstantUsageCorrectnessInspection" enabled="false" level="ERROR" enabled_by_default="false" />
  <inspection_tool class="ClassMethodNameMatchesFieldNameInspection" enabled="false" level="WEAK WARNING" enabled_by_default="false" />
  <inspection_tool class="ClassOverridesFieldOfSuperClassInspection" enabled="false" level="WARNING" enabled_by_default="false" />
  <inspection_tool class="ClassReImplementsParentInterfaceInspection" enabled="false" level="ERROR" enabled_by_default="false" />
  <inspection_tool class="CompactArgumentsInspection" enabled="false" level="ERROR" enabled_by_default="false" />
  <inspection_tool class="ComparisonOperandsOrderInspection" enabled="false" level="WEAK WARNING" enabled_by_default="false">
    <option name="PREFER_YODA_STYLE" value="true" />
  </inspection_tool>
  <inspection_tool class="ConstantCanBeUsedInspection" enabled="false" level="WEAK WARNING" enabled_by_default="false" />
  <inspection_tool class="CryptographicallySecureAlgorithmsInspection" enabled="false" level="ERROR" enabled_by_default="false" />
  <inspection_tool class="CryptographicallySecureRandomnessInspection" enabled="false" level="ERROR" enabled_by_default="false" />
  <inspection_tool class="CssUnknownTarget" enabled="false" level="ERROR" enabled_by_default="false" />
  <inspection_tool class="CssUnusedSymbol" enabled="false" level="WARNING" enabled_by_default="false" />
  <inspection_tool class="CurlSslServerSpoofingInspection" enabled="false" level="ERROR" enabled_by_default="false" />
  <inspection_tool class="DateIntervalSpecificationInspection" enabled="false" level="ERROR" enabled_by_default="false" />
  <inspection_tool class="DateTimeConstantsUsageInspection" enabled="false" level="ERROR" enabled_by_default="false" />
  <inspection_tool class="DateTimeSetTimeUsageInspection" enabled="false" level="ERROR" enabled_by_default="false" />
  <inspection_tool class="DateUsageInspection" enabled="false" level="WEAK WARNING" enabled_by_default="false" />
  <inspection_tool class="DeclareDirectiveCorrectnessInspection" enabled="false" level="ERROR" enabled_by_default="false" />
  <inspection_tool class="DegradedSwitchInspection" enabled="false" level="WEAK WARNING" enabled_by_default="false" />
  <inspection_tool class="DeprecatedConstructorStyleInspection" enabled="false" level="ERROR" enabled_by_default="false" />
  <inspection_tool class="DeprecatedIniOptionsInspection" enabled="false" level="WARNING" enabled_by_default="false" />
  <inspection_tool class="DirectoryConstantCanBeUsedInspection" enabled="false" level="WARNING" enabled_by_default="false" />
  <inspection_tool class="DisconnectedForeachInstructionInspection" enabled="false" level="WEAK WARNING" enabled_by_default="false" />
  <inspection_tool class="DynamicCallsToScopeIntrospectionInspection" enabled="false" level="WARNING" enabled_by_default="false" />
  <inspection_tool class="DynamicInvocationViaScopeResolutionInspection" enabled="false" level="WARNING" enabled_by_default="false" />
  <inspection_tool class="ES6ConvertVarToLetConst" enabled="false" level="WARNING" enabled_by_default="false" />
  <inspection_tool class="ES6ModulesDependencies" enabled="false" level="WEAK WARNING" enabled_by_default="false" />
  <inspection_tool class="ElvisOperatorCanBeUsedInspection" enabled="false" level="WEAK WARNING" enabled_by_default="false" />
  <inspection_tool class="EncryptionInitializationVectorRandomnessInspection" enabled="false" level="ERROR" enabled_by_default="false" />
  <inspection_tool class="ExceptionsAnnotatingAndHandlingInspection" enabled="false" level="WARNING" enabled_by_default="false" />
  <inspection_tool class="ExplodeMissUseInspection" enabled="false" level="WARNING" enabled_by_default="false" />
  <inspection_tool class="FileFunctionMissUseInspection" enabled="false" level="ERROR" enabled_by_default="false" />
  <inspection_tool class="FilePutContentsMissUseInspection" enabled="false" level="ERROR" enabled_by_default="false" />
  <inspection_tool class="FopenBinaryUnsafeUsageInspection" enabled="false" level="WARNING" enabled_by_default="false" />
  <inspection_tool class="ForeachInvariantsInspection" enabled="false" level="WARNING" enabled_by_default="false" />
  <inspection_tool class="ForeachSourceInspection" enabled="false" level="WARNING" enabled_by_default="false" />
  <inspection_tool class="ForgottenDebugOutputInspection" enabled="false" level="ERROR" enabled_by_default="false">
    <option name="configuration">
      <list>
        <option value="\Codeception\Util\Debug::debug" />
        <option value="\Codeception\Util\Debug::pause" />
        <option value="\Doctrine\Common\Util\Debug::dump" />
        <option value="\Doctrine\Common\Util\Debug::export" />
        <option value="\Illuminate\Support\Debug\Dumper::dump" />
        <option value="\Symfony\Component\Debug\Debug::enable" />
        <option value="\Symfony\Component\Debug\DebugClassLoader::enable" />
        <option value="\Symfony\Component\Debug\ErrorHandler::register" />
        <option value="\Symfony\Component\Debug\ExceptionHandler::register" />
        <option value="\TYPO3\CMS\Core\Utility\DebugUtility::debug" />
        <option value="\Zend\Debug\Debug::dump" />
        <option value="\Zend\Di\Display\Console::export" />
        <option value="dd" />
        <option value="debug_print_backtrace" />
        <option value="debug_zval_dump" />
        <option value="dpm" />
        <option value="dpq" />
        <option value="dsm" />
        <option value="dvm" />
        <option value="error_log" />
        <option value="kpr" />
        <option value="phpinfo" />
        <option value="print_r" />
        <option value="var_dump" />
        <option value="var_export" />
        <option value="xdebug_break" />
        <option value="xdebug_call_class" />
        <option value="xdebug_call_file" />
        <option value="xdebug_call_function" />
        <option value="xdebug_call_line" />
        <option value="xdebug_code_coverage_started" />
        <option value="xdebug_debug_zval" />
        <option value="xdebug_debug_zval_stdout" />
        <option value="xdebug_dump_superglobals" />
        <option value="xdebug_enable" />
        <option value="xdebug_get_code_coverage" />
        <option value="xdebug_get_collected_errors" />
        <option value="xdebug_get_declared_vars" />
        <option value="xdebug_get_function_stack" />
        <option value="xdebug_get_headers" />
        <option value="xdebug_get_monitored_functions" />
        <option value="xdebug_get_profiler_filename" />
        <option value="xdebug_get_stack_depth" />
        <option value="xdebug_get_tracefile_name" />
        <option value="xdebug_is_enabled" />
        <option value="xdebug_memory_usage" />
        <option value="xdebug_peak_memory_usage" />
        <option value="xdebug_print_function_stack" />
        <option value="xdebug_start_code_coverage" />
        <option value="xdebug_start_error_collection" />
        <option value="xdebug_start_function_monitor" />
        <option value="xdebug_start_trace" />
        <option value="xdebug_stop_code_coverage" />
        <option value="xdebug_stop_error_collection" />
        <option value="xdebug_stop_function_monitor" />
        <option value="xdebug_stop_trace" />
        <option value="xdebug_time_index" />
        <option value="xdebug_var_dump" />
      </list>
    </option>
    <option name="migratedIntoUserSpace" value="true" />
  </inspection_tool>
  <inspection_tool class="GetClassUsageInspection" enabled="false" level="WARNING" enabled_by_default="false" />
  <inspection_tool class="GetTypeMissUseInspection" enabled="false" level="WARNING" enabled_by_default="false" />
  <inspection_tool class="HostnameSubstitutionInspection" enabled="false" level="ERROR" enabled_by_default="false" />
  <inspection_tool class="HtmlFormInputWithoutLabel" enabled="false" level="WARNING" enabled_by_default="false" />
  <inspection_tool class="HtmlUnknownAttribute" enabled="false" level="WARNING" enabled_by_default="false">
    <option name="myValues">
      <value>
        <list size="1">
          <item index="0" class="java.lang.String" itemvalue="external_fragment" />
        </list>
      </value>
    </option>
    <option name="myCustomValuesEnabled" value="true" />
  </inspection_tool>
  <inspection_tool class="HtmlUnknownTag" enabled="false" level="WARNING" enabled_by_default="false">
    <option name="myValues">
      <value>
        <list size="11">
          <item index="0" class="java.lang.String" itemvalue="nobr" />
          <item index="1" class="java.lang.String" itemvalue="noembed" />
          <item index="2" class="java.lang.String" itemvalue="comment" />
          <item index="3" class="java.lang.String" itemvalue="noscript" />
          <item index="4" class="java.lang.String" itemvalue="embed" />
          <item index="5" class="java.lang.String" itemvalue="script" />
          <item index="6" class="java.lang.String" itemvalue="нет" />
          <item index="7" class="java.lang.String" itemvalue="все" />
          <item index="8" class="java.lang.String" itemvalue="не" />
          <item index="9" class="java.lang.String" itemvalue="record" />
          <item index="10" class="java.lang.String" itemvalue="file" />
        </list>
      </value>
    </option>
    <option name="myCustomValuesEnabled" value="true" />
  </inspection_tool>
  <inspection_tool class="HtmlUnknownTarget" enabled="false" level="WARNING" enabled_by_default="false" />
  <inspection_tool class="IfReturnReturnSimplificationInspection" enabled="false" level="WARNING" enabled_by_default="false" />
  <inspection_tool class="ImplicitMagicMethodCallInspection" enabled="false" level="WEAK WARNING" enabled_by_default="false" />
  <inspection_tool class="InArrayMissUseInspection" enabled="false" level="ERROR" enabled_by_default="false" />
  <inspection_tool class="IncompleteThrowStatementsInspection" enabled="false" level="ERROR" enabled_by_default="false" />
  <inspection_tool class="InconsistentQueryBuildInspection" enabled="false" level="ERROR" enabled_by_default="false" />
  <inspection_tool class="IncorrectRandomRangeInspection" enabled="false" level="ERROR" enabled_by_default="false" />
  <inspection_tool class="IncrementDecrementOperationEquivalentInspection" enabled="false" level="WEAK WARNING" enabled_by_default="false" />
  <inspection_tool class="InfinityLoopInspection" enabled="false" level="ERROR" enabled_by_default="false" />
  <inspection_tool class="InstanceofCanBeUsedInspection" enabled="false" level="WARNING" enabled_by_default="false" />
  <inspection_tool class="IsEmptyFunctionUsageInspection" enabled="false" level="WARNING" enabled_by_default="false" />
  <inspection_tool class="IsNullFunctionUsageInspection" enabled="false" level="WARNING" enabled_by_default="false" />
  <inspection_tool class="IssetArgumentExistenceInspection" enabled="false" level="WARNING" enabled_by_default="false" />
  <inspection_tool class="JSDuplicatedDeclaration" enabled="false" level="WARNING" enabled_by_default="false" />
  <inspection_tool class="JSEqualityComparisonWithCoercion" enabled="false" level="WARNING" enabled_by_default="false" />
  <inspection_tool class="JSUndeclaredVariable" enabled="false" level="WEAK WARNING" enabled_by_default="false" />
  <inspection_tool class="JSUnusedAssignment" enabled="false" level="WARNING" enabled_by_default="false" />
  <inspection_tool class="JSUnusedGlobalSymbols" enabled="false" level="WARNING" enabled_by_default="false" />
  <inspection_tool class="JSUnusedLocalSymbols" enabled="false" level="WARNING" enabled_by_default="false" />
  <inspection_tool class="LongInheritanceChainInspection" enabled="false" level="WARNING" enabled_by_default="false" />
  <inspection_tool class="LoopWhichDoesNotLoopInspection" enabled="false" level="WARNING" enabled_by_default="false" />
  <inspection_tool class="LowerAccessLevelInspection" enabled="false" level="WEAK WARNING" enabled_by_default="false" />
  <inspection_tool class="MagicMethodsValidityInspection" enabled="false" level="ERROR" enabled_by_default="false" />
  <inspection_tool class="MessDetectorValidationInspection" enabled="false" level="WEAK WARNING" enabled_by_default="false">
    <option name="CODESIZE" value="true" />
    <option name="CONTROVERSIAL" value="true" />
    <option name="DESIGN" value="true" />
    <option name="UNUSEDCODE" value="true" />
    <option name="NAMING" value="true" />
  </inspection_tool>
  <inspection_tool class="MisorderedModifiersInspection" enabled="false" level="WEAK WARNING" enabled_by_default="false" />
  <inspection_tool class="MissedViewInspection" enabled="false" level="ERROR" enabled_by_default="false" />
  <inspection_tool class="MissingActiveRecordInActiveQueryInspection" enabled="false" level="ERROR" enabled_by_default="false" />
  <inspection_tool class="MissingIssetImplementationInspection" enabled="false" level="ERROR" enabled_by_default="false" />
  <inspection_tool class="MissingOrEmptyGroupStatementInspection" enabled="false" level="WEAK WARNING" enabled_by_default="false" />
  <inspection_tool class="MkdirRaceConditionInspection" enabled="false" level="ERROR" enabled_by_default="false" />
  <inspection_tool class="MktimeUsageInspection" enabled="false" level="WARNING" enabled_by_default="false" />
  <inspection_tool class="MockingFinalClassesInspection" enabled="false" level="ERROR" enabled_by_default="false" />
  <inspection_tool class="MoreThanThreeArgumentsInspection" enabled="false" level="WARNING" enabled_by_default="false">
    <option name="limit" value="6" />
  </inspection_tool>
  <inspection_tool class="MultiAssignmentUsageInspection" enabled="false" level="WEAK WARNING" enabled_by_default="false" />
  <inspection_tool class="NestedNotOperatorsInspection" enabled="false" level="WEAK WARNING" enabled_by_default="false" />
  <inspection_tool class="NestedPositiveIfStatementsInspection" enabled="false" level="WEAK WARNING" enabled_by_default="false" />
  <inspection_tool class="NestedTernaryOperatorInspection" enabled="false" level="WARNING" enabled_by_default="false" />
  <inspection_tool class="NonAsciiCharacters" enabled="false" level="WARNING" enabled_by_default="false">
    <option name="CHECK_FOR_FILES_CONTAINING_BOM" value="true" />
  </inspection_tool>
  <inspection_tool class="NonSecureCryptUsageInspection" enabled="false" level="ERROR" enabled_by_default="false" />
  <inspection_tool class="NonSecureExtractUsageInspection" enabled="false" level="ERROR" enabled_by_default="false" />
  <inspection_tool class="NonSecureParseStrUsageInspection" enabled="false" level="ERROR" enabled_by_default="false" />
  <inspection_tool class="NonSecureUniqidUsageInspection" enabled="false" level="ERROR" enabled_by_default="false" />
  <inspection_tool class="NotOptimalIfConditionsInspection" enabled="false" level="WARNING" enabled_by_default="false" />
  <inspection_tool class="NotOptimalRegularExpressionsInspection" enabled="false" level="WARNING" enabled_by_default="false" />
  <inspection_tool class="NullCoalescingOperatorCanBeUsedInspection" enabled="false" level="WEAK WARNING" enabled_by_default="false" />
  <inspection_tool class="NullPointerExceptionInspection" enabled="false" level="WARNING" enabled_by_default="false" />
  <inspection_tool class="OneTimeUseVariablesInspection" enabled="false" level="WARNING" enabled_by_default="false" />
  <inspection_tool class="OnlyWritesOnParameterInspection" enabled="false" level="WEAK WARNING" enabled_by_default="false" />
  <inspection_tool class="OpAssignShortSyntaxInspection" enabled="false" level="WEAK WARNING" enabled_by_default="false" />
  <inspection_tool class="OverridingDeprecatedMethodInspection" enabled="false" level="WARNING" enabled_by_default="false" />
  <inspection_tool class="PackedHashtableOptimizationInspection" enabled="false" level="WEAK WARNING" enabled_by_default="false" />
  <inspection_tool class="PassingByReferenceCorrectnessInspection" enabled="false" level="WARNING" enabled_by_default="false" />
  <inspection_tool class="PdoApiUsageInspection" enabled="false" level="WEAK WARNING" enabled_by_default="false" />
  <inspection_tool class="PhpAssignmentInConditionInspection" enabled="true" level="WARNING" enabled_by_default="true" />
  <inspection_tool class="PhpCSValidationInspection" enabled="false" level="WEAK WARNING" enabled_by_default="false">
    <option name="CODING_STANDARD" value="PSR2" />
  </inspection_tool>
  <inspection_tool class="PhpMissingDocCommentInspection" enabled="true" level="WARNING" enabled_by_default="true" />
  <inspection_tool class="PhpRedundantClosingTagInspection" enabled="false" level="WEAK WARNING" enabled_by_default="false" />
  <inspection_tool class="PhpStaticAsDynamicMethodCallInspection" enabled="true" level="WEAK WARNING" enabled_by_default="true" />
  <inspection_tool class="PhpTraditionalSyntaxArrayLiteralInspection" enabled="true" level="WARNING" enabled_by_default="true" />
  <inspection_tool class="PhpUndefinedCallbackInspection" enabled="true" level="WARNING" enabled_by_default="true" />
  <inspection_tool class="PhpUndefinedClassInspection" enabled="true" level="WARNING" enabled_by_default="true">
    <option name="DONT_REPORT_MULTI_RESOLVE" value="true" />
    <option name="DONT_INSPECT_DOCS" value="true" />
  </inspection_tool>
  <inspection_tool class="PhpUnhandledExceptionInspection" enabled="false" level="WARNING" enabled_by_default="false" />
  <inspection_tool class="PhpUnitTestsInspection" enabled="false" level="WEAK WARNING" enabled_by_default="false" />
  <inspection_tool class="PhpUnnecessaryFullyQualifiedNameInspection" enabled="false" level="WEAK WARNING" enabled_by_default="false" />
  <inspection_tool class="PhpUnusedParameterInspection" enabled="true" level="WARNING" enabled_by_default="true">
    <option name="DONT_REPORT_EMPTY_BODY" value="false" />
    <option name="DONT_REPORT_ABSTRACT_CLASS" value="true" />
    <option name="DONT_REPORT_ANONYMOUS" value="true" />
  </inspection_tool>
  <inspection_tool class="PhpUsageOfSilenceOperatorInspection" enabled="true" level="WEAK WARNING" enabled_by_default="true" />
  <inspection_tool class="PotentialMalwareInspection" enabled="false" level="ERROR" enabled_by_default="false" />
  <inspection_tool class="PowerOperatorCanBeUsedInspection" enabled="false" level="WARNING" enabled_by_default="false" />
  <inspection_tool class="PregQuoteUsageInspection" enabled="false" level="ERROR" enabled_by_default="false" />
  <inspection_tool class="PrintfScanfArgumentsInspection" enabled="false" level="ERROR" enabled_by_default="false" />
  <inspection_tool class="PropertiesInspection" enabled="false" level="ERROR" enabled_by_default="false" />
  <inspection_tool class="PropertyCanBeStaticInspection" enabled="false" level="WEAK WARNING" enabled_by_default="false" />
  <inspection_tool class="PropertyInitializationFlawsInspection" enabled="false" level="WEAK WARNING" enabled_by_default="false" />
  <inspection_tool class="RandomApiMigrationInspection" enabled="false" level="WARNING" enabled_by_default="false" />
  <inspection_tool class="RealpathInSteamContextInspection" enabled="false" level="WARNING" enabled_by_default="false" />
  <inspection_tool class="RedundantElseClauseInspection" enabled="false" level="WARNING" enabled_by_default="false" />
  <inspection_tool class="ReferenceMismatchInspection" enabled="false" level="WARNING" enabled_by_default="false" />
  <inspection_tool class="ReferencingObjectsInspection" enabled="false" level="WARNING" enabled_by_default="false" />
  <inspection_tool class="RequireParameterInspection" enabled="false" level="ERROR" enabled_by_default="false" />
  <inspection_tool class="ReturnTypeCanBeDeclaredInspection" enabled="false" level="WEAK WARNING" enabled_by_default="false" />
  <inspection_tool class="RsaOraclePaddingAttacksInspection" enabled="false" level="ERROR" enabled_by_default="false" />
  <inspection_tool class="ScandirUsageInspection" enabled="false" level="ERROR" enabled_by_default="false" />
  <inspection_tool class="SecurityAdvisoriesInspection" enabled="false" level="WARNING" enabled_by_default="false">
    <option name="optionConfiguration">
      <list>
        <option value="behat/behat" />
        <option value="brianium/paratest" />
        <option value="codeception/codeception" />
        <option value="composer/composer" />
        <option value="filp/whoops" />
        <option value="friendsofphp/php-cs-fixer" />
        <option value="humbug/humbug" />
        <option value="infection/infection" />
        <option value="jakub-onderka/php-parallel-lint" />
        <option value="johnkary/phpunit-speedtrap" />
        <option value="mikey179/vfsStream" />
        <option value="mockery/mockery" />
        <option value="mybuilder/phpunit-accelerator" />
        <option value="pdepend/pdepend" />
        <option value="phan/phan" />
        <option value="phing/phing" />
        <option value="phpmd/phpmd" />
        <option value="phpro/grumphp" />
        <option value="phpspec/phpspec" />
        <option value="phpspec/prophecy" />
        <option value="phpstan/phpstan" />
        <option value="phpunit/dbunit" />
        <option value="phpunit/phpcov" />
        <option value="phpunit/phpunit" />
        <option value="phpunit/phpunit-selenium" />
        <option value="povils/phpmnd" />
        <option value="roave/security-advisories" />
        <option value="satooshi/php-coveralls" />
        <option value="sebastian/phpcpd" />
        <option value="slevomat/coding-standard" />
        <option value="squizlabs/php_codesniffer" />
        <option value="sstalle/php7cc" />
        <option value="symfony/debug" />
        <option value="symfony/phpunit-bridge" />
        <option value="symfony/var-dumper" />
        <option value="vimeo/psalm" />
        <option value="wimg/php-compatibility" />
        <option value="yiisoft/yii2-debug" />
        <option value="yiisoft/yii2-gii" />
        <option value="zendframework/zend-debug" />
        <option value="zendframework/zend-test" />
      </list>
    </option>
  </inspection_tool>
  <inspection_tool class="SelfClassReferencingInspection" enabled="false" level="WEAK WARNING" enabled_by_default="false" />
  <inspection_tool class="SenselessMethodDuplicationInspection" enabled="false" level="WARNING" enabled_by_default="false" />
  <inspection_tool class="SenselessProxyMethodInspection" enabled="false" level="WARNING" enabled_by_default="false" />
  <inspection_tool class="SenselessTernaryOperatorInspection" enabled="false" level="WARNING" enabled_by_default="false" />
  <inspection_tool class="SequentialUnSetCallsInspection" enabled="false" level="WEAK WARNING" enabled_by_default="false" />
  <inspection_tool class="ShortListSyntaxCanBeUsedInspection" enabled="false" level="WEAK WARNING" enabled_by_default="false" />
  <inspection_tool class="ShortOpenTagUsageInspection" enabled="false" level="WEAK WARNING" enabled_by_default="false" />
  <inspection_tool class="SimpleXmlLoadFileUsageInspection" enabled="false" level="ERROR" enabled_by_default="false" />
  <inspection_tool class="SlowArrayOperationsInLoopInspection" enabled="false" level="WARNING" enabled_by_default="false" />
  <inspection_tool class="SqlResolveInspection" enabled="false" level="WARNING" enabled_by_default="false" />
  <inspection_tool class="SqlUnusedVariableInspection" enabled="false" level="WARNING" enabled_by_default="false" />
  <inspection_tool class="StaticInvocationViaThisInspection" enabled="false" level="WARNING" enabled_by_default="false" />
  <inspection_tool class="StrStrUsedAsStrPosInspection" enabled="false" level="WARNING" enabled_by_default="false" />
  <inspection_tool class="StrTrUsageAsStrReplaceInspection" enabled="false" level="WEAK WARNING" enabled_by_default="false" />
  <inspection_tool class="StringCaseManipulationInspection" enabled="false" level="WEAK WARNING" enabled_by_default="false" />
  <inspection_tool class="StringNormalizationInspection" enabled="false" level="WEAK WARNING" enabled_by_default="false" />
  <inspection_tool class="StringsFirstCharactersCompareInspection" enabled="false" level="ERROR" enabled_by_default="false" />
  <inspection_tool class="StrlenInEmptyStringCheckContextInspection" enabled="false" level="WARNING" enabled_by_default="false" />
  <inspection_tool class="StrtotimeUsageInspection" enabled="false" level="WARNING" enabled_by_default="false" />
  <inspection_tool class="SubStrShortHandUsageInspection" enabled="false" level="WARNING" enabled_by_default="false" />
  <inspection_tool class="SubStrUsedAsArrayAccessInspection" enabled="false" level="WARNING" enabled_by_default="false" />
  <inspection_tool class="SubStrUsedAsStrPosInspection" enabled="false" level="WEAK WARNING" enabled_by_default="false" />
  <inspection_tool class="SummerTimeUnsafeTimeManipulationInspection" enabled="false" level="ERROR" enabled_by_default="false" />
  <inspection_tool class="SuspiciousAssignmentsInspection" enabled="false" level="ERROR" enabled_by_default="false" />
  <inspection_tool class="SuspiciousBinaryOperationInspection" enabled="false" level="ERROR" enabled_by_default="false" />
  <inspection_tool class="SuspiciousLoopInspection" enabled="false" level="ERROR" enabled_by_default="false" />
  <inspection_tool class="SuspiciousReturnInspection" enabled="false" level="ERROR" enabled_by_default="false" />
  <inspection_tool class="SuspiciousSemicolonInspection" enabled="false" level="ERROR" enabled_by_default="false" />
  <inspection_tool class="SuspiciousTernaryOperatorInspection" enabled="false" level="ERROR" enabled_by_default="false" />
  <inspection_tool class="SwitchContinuationInLoopInspection" enabled="false" level="ERROR" enabled_by_default="false" />
  <inspection_tool class="TernaryOperatorSimplifyInspection" enabled="false" level="WEAK WARNING" enabled_by_default="false" />
  <inspection_tool class="ThrowRawExceptionInspection" enabled="false" level="WEAK WARNING" enabled_by_default="false" />
  <inspection_tool class="TraitsPropertiesConflictsInspection" enabled="false" level="ERROR" enabled_by_default="false" />
  <inspection_tool class="TranslationsCorrectnessInspection" enabled="false" level="WEAK WARNING" enabled_by_default="false" />
  <inspection_tool class="TypeUnsafeArraySearchInspection" enabled="false" level="WEAK WARNING" enabled_by_default="false" />
  <inspection_tool class="TypeUnsafeComparisonInspection" enabled="false" level="WARNING" enabled_by_default="false" />
  <inspection_tool class="TypesCastingCanBeUsedInspection" enabled="false" level="WARNING" enabled_by_default="false" />
  <inspection_tool class="UnNecessaryDoubleQuotesInspection" enabled="false" level="WEAK WARNING" enabled_by_default="false" />
  <inspection_tool class="UnSafeIsSetOverArrayInspection" enabled="false" level="WARNING" enabled_by_default="false" />
  <inspection_tool class="UnknownInspectionInspection" enabled="false" level="WEAK WARNING" enabled_by_default="false" />
  <inspection_tool class="UnnecessaryAssertionInspection" enabled="false" level="WEAK WARNING" enabled_by_default="false" />
  <inspection_tool class="UnnecessaryCastingInspection" enabled="false" level="WEAK WARNING" enabled_by_default="false" />
  <inspection_tool class="UnnecessaryFinalModifierInspection" enabled="false" level="WEAK WARNING" enabled_by_default="false" />
  <inspection_tool class="UnnecessaryIssetArgumentsInspection" enabled="false" level="WEAK WARNING" enabled_by_default="false" />
  <inspection_tool class="UnnecessaryParenthesesInspection" enabled="false" level="WEAK WARNING" enabled_by_default="false" />
  <inspection_tool class="UnnecessarySemicolonInspection" enabled="false" level="WEAK WARNING" enabled_by_default="false" />
  <inspection_tool class="UnnecessaryUseAliasInspection" enabled="false" level="WEAK WARNING" enabled_by_default="false" />
  <inspection_tool class="UnqualifiedReferenceInspection" enabled="false" level="WEAK WARNING" enabled_by_default="false" />
  <inspection_tool class="UnserializeExploitsInspection" enabled="false" level="ERROR" enabled_by_default="false" />
  <inspection_tool class="UnsupportedEmptyListAssignmentsInspection" enabled="false" level="ERROR" enabled_by_default="false" />
  <inspection_tool class="UnsupportedStringOffsetOperationsInspection" enabled="false" level="ERROR" enabled_by_default="false" />
  <inspection_tool class="UnusedConstructorDependenciesInspection" enabled="false" level="WEAK WARNING" enabled_by_default="false" />
  <inspection_tool class="UnusedGotoLabelInspection" enabled="false" level="WEAK WARNING" enabled_by_default="false" />
  <inspection_tool class="UselessReturnInspection" enabled="false" level="WEAK WARNING" enabled_by_default="false" />
  <inspection_tool class="UselessUnsetInspection" enabled="false" level="WEAK WARNING" enabled_by_default="false" />
  <inspection_tool class="UsingInclusionOnceReturnValueInspection" enabled="false" level="ERROR" enabled_by_default="false" />
  <inspection_tool class="VariableFunctionsUsageInspection" enabled="false" level="WARNING" enabled_by_default="false" />
  <inspection_tool class="ViewMissedPhpDocInspection" enabled="false" level="WARNING" enabled_by_default="false" />
  <inspection_tool class="XmlDefaultAttributeValue" enabled="false" level="WARNING" enabled_by_default="false" />
</profile>