<profile version="1.0">
  <option name="myName" value="Undefined method only" />
  <inspection_tool class="AccessModifierPresentedInspection" enabled="false" level="WEAK WARNING" enabled_by_default="false" />
  <inspection_tool class="AdditionOperationOnArraysInspection" enabled="false" level="WARNING" enabled_by_default="false" />
  <inspection_tool class="AliasFunctionsUsageInspection" enabled="false" level="WARNING" enabled_by_default="false" />
  <inspection_tool class="AlterInForeachInspection" enabled="false" level="WARNING" enabled_by_default="false" />
  <inspection_tool class="AmbiguousMethodsCallsInArrayMappingInspection" enabled="false" level="WARNING" enabled_by_default="false" />
  <inspection_tool class="AmdModulesDependencies" enabled="false" level="WEAK WARNING" enabled_by_default="false" />
  <inspection_tool class="AngularCliAddDependency" enabled="false" level="WARNING" enabled_by_default="false" />
  <inspection_tool class="Annotator" enabled="false" level="ERROR" enabled_by_default="false" />
  <inspection_tool class="ArgumentUnpackingCanBeUsedInspection" enabled="false" level="WARNING" enabled_by_default="false" />
  <inspection_tool class="ArrayPushMissUseInspection" enabled="false" level="WARNING" enabled_by_default="false" />
  <inspection_tool class="ArraySearchUsedAsInArrayInspection" enabled="false" level="WARNING" enabled_by_default="false" />
  <inspection_tool class="ArrayTypeOfParameterByDefaultValueInspection" enabled="false" level="WEAK WARNING" enabled_by_default="false" />
  <inspection_tool class="ArrayUniqueCanBeUsedInspection" enabled="false" level="WEAK WARNING" enabled_by_default="false" />
  <inspection_tool class="AutoloadingIssuesInspection" enabled="false" level="WARNING" enabled_by_default="false" />
  <inspection_tool class="BacktickOperatorUsageInspection" enabled="false" level="WARNING" enabled_by_default="false" />
  <inspection_tool class="BadExpressionStatementJS" enabled="false" level="WARNING" enabled_by_default="false" />
  <inspection_tool class="CallableInLoopTerminationConditionInspection" enabled="false" level="ERROR" enabled_by_default="false" />
  <inspection_tool class="CallableMethodValidityInspection" enabled="false" level="WARNING" enabled_by_default="false" />
  <inspection_tool class="CallableParameterUseCaseInTypeContextInspection" enabled="false" level="WARNING" enabled_by_default="false" />
  <inspection_tool class="CallableReferenceNameMismatchInspection" enabled="false" level="WEAK WARNING" enabled_by_default="false" />
  <inspection_tool class="CallerJS" enabled="false" level="WARNING" enabled_by_default="false" />
  <inspection_tool class="CascadeStringReplacementInspection" enabled="false" level="WARNING" enabled_by_default="false" />
  <inspection_tool class="CascadingDirnameCallsInspection" enabled="false" level="WARNING" enabled_by_default="false" />
  <inspection_tool class="CaseInsensitiveStringFunctionsMissUseInspection" enabled="false" level="WARNING" enabled_by_default="false" />
  <inspection_tool class="CheckDtdRefs" enabled="false" level="ERROR" enabled_by_default="false" />
  <inspection_tool class="CheckEmptyScriptTag" enabled="false" level="WARNING" enabled_by_default="false" />
  <inspection_tool class="CheckImageSize" enabled="false" level="WARNING" enabled_by_default="false" />
  <inspection_tool class="CheckNodeTest" enabled="false" level="WARNING" enabled_by_default="false" />
  <inspection_tool class="CheckTagEmptyBody" enabled="false" level="WARNING" enabled_by_default="false" />
  <inspection_tool class="CheckValidXmlInScriptTagBody" enabled="false" level="ERROR" enabled_by_default="false" />
  <inspection_tool class="CheckXmlFileWithXercesValidator" enabled="false" level="ERROR" enabled_by_default="false" />
  <inspection_tool class="ClassConstantCanBeUsedInspection" enabled="false" level="WEAK WARNING" enabled_by_default="false" />
  <inspection_tool class="ClassConstantUsageCorrectnessInspection" enabled="false" level="ERROR" enabled_by_default="false" />
  <inspection_tool class="ClassMethodNameMatchesFieldNameInspection" enabled="false" level="WEAK WARNING" enabled_by_default="false" />
  <inspection_tool class="ClassMockingCorrectnessInspection" enabled="false" level="ERROR" enabled_by_default="false" />
  <inspection_tool class="ClassOverridesFieldOfSuperClassInspection" enabled="false" level="WARNING" enabled_by_default="false" />
  <inspection_tool class="ClassReImplementsParentInterfaceInspection" enabled="false" level="WARNING" enabled_by_default="false" />
  <inspection_tool class="CommaExpressionJS" enabled="false" level="WARNING" enabled_by_default="false" />
  <inspection_tool class="CompactArgumentsInspection" enabled="false" level="ERROR" enabled_by_default="false" />
  <inspection_tool class="ComposeUnknownKeys" enabled="false" level="ERROR" enabled_by_default="false" />
  <inspection_tool class="ComposeUnknownValues" enabled="false" level="ERROR" enabled_by_default="false" />
  <inspection_tool class="ConstantCanBeUsedInspection" enabled="false" level="WEAK WARNING" enabled_by_default="false" />
  <inspection_tool class="ConstantConditionalExpressionJS" enabled="false" level="WARNING" enabled_by_default="false" />
  <inspection_tool class="ConstantIfStatementJS" enabled="false" level="WARNING" enabled_by_default="false" />
  <inspection_tool class="ContinueOrBreakFromFinallyBlockJS" enabled="false" level="WARNING" enabled_by_default="false" />
  <inspection_tool class="CryptographicallySecureAlgorithmsInspection" enabled="false" level="ERROR" enabled_by_default="false" />
  <inspection_tool class="CryptographicallySecureRandomnessInspection" enabled="false" level="ERROR" enabled_by_default="false" />
  <inspection_tool class="CssFloatPxLength" enabled="false" level="WEAK WARNING" enabled_by_default="false" />
  <inspection_tool class="CssInvalidAtRule" enabled="false" level="ERROR" enabled_by_default="false" />
  <inspection_tool class="CssInvalidCharsetRule" enabled="false" level="WARNING" enabled_by_default="false" />
  <inspection_tool class="CssInvalidElement" enabled="false" level="ERROR" enabled_by_default="false" />
  <inspection_tool class="CssInvalidFunction" enabled="false" level="ERROR" enabled_by_default="false" />
  <inspection_tool class="CssInvalidHtmlTagReference" enabled="false" level="WARNING" enabled_by_default="false" />
  <inspection_tool class="CssInvalidImport" enabled="false" level="WARNING" enabled_by_default="false" />
  <inspection_tool class="CssInvalidMediaFeature" enabled="false" level="ERROR" enabled_by_default="false" />
  <inspection_tool class="CssInvalidPropertyValue" enabled="false" level="ERROR" enabled_by_default="false" />
  <inspection_tool class="CssInvalidPseudoSelector" enabled="false" level="ERROR" enabled_by_default="false" />
  <inspection_tool class="CssMissingComma" enabled="false" level="WARNING" enabled_by_default="false" />
  <inspection_tool class="CssNegativeValue" enabled="false" level="ERROR" enabled_by_default="false" />
  <inspection_tool class="CssNoGenericFontName" enabled="false" level="WARNING" enabled_by_default="false" />
  <inspection_tool class="CssOptimizeSimilarProperties" enabled="false" level="WEAK WARNING" enabled_by_default="false" />
  <inspection_tool class="CssOverwrittenProperties" enabled="false" level="WARNING" enabled_by_default="false" />
  <inspection_tool class="CssRedundantUnit" enabled="false" level="WARNING" enabled_by_default="false" />
  <inspection_tool class="CssUnitlessNumber" enabled="false" level="WARNING" enabled_by_default="false" />
  <inspection_tool class="CssUnknownProperty" enabled="false" level="WARNING" enabled_by_default="false">
    <option name="myCustomPropertiesEnabled" value="true" />
    <option name="myIgnoreVendorSpecificProperties" value="false" />
    <option name="myCustomPropertiesList">
      <value>
        <list size="1">
          <item index="0" class="java.lang.String" itemvalue="vertical-align" />
        </list>
      </value>
    </option>
  </inspection_tool>
  <inspection_tool class="CssUnknownTarget" enabled="false" level="ERROR" enabled_by_default="false" />
  <inspection_tool class="CssUnresolvedClass" enabled="false" level="ERROR" enabled_by_default="false" />
  <inspection_tool class="CssUnresolvedCustomProperty" enabled="false" level="ERROR" enabled_by_default="false" />
  <inspection_tool class="CssUnresolvedCustomPropertySet" enabled="false" level="ERROR" enabled_by_default="false" />
  <inspection_tool class="CssUnusedSymbol" enabled="false" level="WARNING" enabled_by_default="false" />
  <inspection_tool class="CucumberExamplesColon" enabled="false" level="ERROR" enabled_by_default="false" />
  <inspection_tool class="CucumberMissedExamples" enabled="false" level="ERROR" enabled_by_default="false" />
  <inspection_tool class="CucumberTableInspection" enabled="false" level="WARNING" enabled_by_default="false" />
  <inspection_tool class="CucumberUndefinedStep" enabled="false" level="WARNING" enabled_by_default="false" />
  <inspection_tool class="CurlSslServerSpoofingInspection" enabled="false" level="ERROR" enabled_by_default="false" />
  <inspection_tool class="DateIntervalSpecificationInspection" enabled="false" level="ERROR" enabled_by_default="false" />
  <inspection_tool class="DateTimeConstantsUsageInspection" enabled="false" level="ERROR" enabled_by_default="false" />
  <inspection_tool class="DateTimeSetTimeUsageInspection" enabled="false" level="ERROR" enabled_by_default="false" />
  <inspection_tool class="DateUsageInspection" enabled="false" level="WEAK WARNING" enabled_by_default="false" />
  <inspection_tool class="DeclareDirectiveCorrectnessInspection" enabled="false" level="ERROR" enabled_by_default="false" />
  <inspection_tool class="DegradedSwitchInspection" enabled="false" level="WEAK WARNING" enabled_by_default="false" />
  <inspection_tool class="DeprecatedConstructorStyleInspection" enabled="false" level="ERROR" enabled_by_default="false" />
  <inspection_tool class="DeprecatedIniOptionsInspection" enabled="false" level="WARNING" enabled_by_default="false" />
  <inspection_tool class="DirectoryConstantCanBeUsedInspection" enabled="false" level="WARNING" enabled_by_default="false" />
  <inspection_tool class="DisconnectedForeachInstructionInspection" enabled="false" level="WEAK WARNING" enabled_by_default="false" />
  <inspection_tool class="DockerFileAddOrCopySemantic" enabled="false" level="WARNING" enabled_by_default="false" />
  <inspection_tool class="DockerFileArgumentCount" enabled="false" level="ERROR" enabled_by_default="false" />
  <inspection_tool class="DockerFileAssignments" enabled="false" level="ERROR" enabled_by_default="false" />
  <inspection_tool class="DuplicateCaseLabelJS" enabled="false" level="WARNING" enabled_by_default="false" />
  <inspection_tool class="DuplicateKeyInSection" enabled="false" level="WARNING" enabled_by_default="false" />
  <inspection_tool class="DuplicateSectionInFile" enabled="false" level="WARNING" enabled_by_default="false" />
  <inspection_tool class="Duplicates" enabled="false" level="WEAK WARNING" enabled_by_default="false" />
  <inspection_tool class="DynamicCallsToScopeIntrospectionInspection" enabled="false" level="WARNING" enabled_by_default="false" />
  <inspection_tool class="DynamicInvocationViaScopeResolutionInspection" enabled="false" level="WARNING" enabled_by_default="false" />
  <inspection_tool class="ES6BindWithArrowFunction" enabled="false" level="WARNING" enabled_by_default="false" />
  <inspection_tool class="ES6CheckImport" enabled="false" level="WEAK WARNING" enabled_by_default="false" />
  <inspection_tool class="ES6ClassMemberInitializationOrder" enabled="false" level="WARNING" enabled_by_default="false" />
  <inspection_tool class="ES6ConvertModuleExportToExport" enabled="false" level="INFORMATION" enabled_by_default="false" />
  <inspection_tool class="ES6ConvertRequireIntoImport" enabled="false" level="INFORMATION" enabled_by_default="false" />
  <inspection_tool class="ES6ConvertToForOf" enabled="false" level="INFORMATION" enabled_by_default="false" />
  <inspection_tool class="ES6ConvertVarToLetConst" enabled="false" level="WARNING" enabled_by_default="false" />
  <inspection_tool class="ES6MissingAwait" enabled="false" level="INFORMATION" enabled_by_default="false" />
  <inspection_tool class="ES6ModulesDependencies" enabled="false" level="WEAK WARNING" enabled_by_default="false" />
  <inspection_tool class="ES6PossiblyAsyncFunction" enabled="false" level="WEAK WARNING" enabled_by_default="false" />
  <inspection_tool class="ES6ShorthandObjectProperty" enabled="false" level="INFORMATION" enabled_by_default="false" />
  <inspection_tool class="ES6UnusedImports" enabled="false" level="WARNING" enabled_by_default="false" />
  <inspection_tool class="ElvisOperatorCanBeUsedInspection" enabled="false" level="WEAK WARNING" enabled_by_default="false" />
  <inspection_tool class="EmptyEventHandler" enabled="false" level="WARNING" enabled_by_default="false" />
  <inspection_tool class="EmptyStatementBodyJS" enabled="false" level="WARNING" enabled_by_default="false">
    <option name="m_reportEmptyBlocks" value="false" />
  </inspection_tool>
  <inspection_tool class="EncryptionInitializationVectorRandomnessInspection" enabled="false" level="ERROR" enabled_by_default="false" />
  <inspection_tool class="ExceptionCaughtLocallyJS" enabled="false" level="WARNING" enabled_by_default="false" />
  <inspection_tool class="ExplodeMissUseInspection" enabled="false" level="WARNING" enabled_by_default="false" />
  <inspection_tool class="FallThroughInSwitchStatementJS" enabled="false" level="WARNING" enabled_by_default="false" />
  <inspection_tool class="FileFunctionMissUseInspection" enabled="false" level="ERROR" enabled_by_default="false" />
  <inspection_tool class="FileHeaderInspection" enabled="false" level="WEAK WARNING" enabled_by_default="false" />
  <inspection_tool class="FilePutContentsMissUseInspection" enabled="false" level="ERROR" enabled_by_default="false" />
  <inspection_tool class="FlowJSConfig" enabled="false" level="WARNING" enabled_by_default="false" />
  <inspection_tool class="FlowJSFlagCommentPlacement" enabled="false" level="WARNING" enabled_by_default="false" />
  <inspection_tool class="FopenBinaryUnsafeUsageInspection" enabled="false" level="WARNING" enabled_by_default="false" />
  <inspection_tool class="ForeachInvariantsInspection" enabled="false" level="WARNING" enabled_by_default="false" />
  <inspection_tool class="ForgottenDebugOutputInspection" enabled="false" level="ERROR" enabled_by_default="false">
    <option name="configuration">
      <list>
        <option value="\Codeception\Util\Debug::debug" />
        <option value="\Codeception\Util\Debug::pause" />
        <option value="\Doctrine\Common\Util\Debug::dump" />
        <option value="\Doctrine\Common\Util\Debug::export" />
        <option value="\Illuminate\Support\Debug\Dumper::dump" />
        <option value="\Symfony\Component\Debug\Debug::enable" />
        <option value="\Symfony\Component\Debug\DebugClassLoader::enable" />
        <option value="\Symfony\Component\Debug\ErrorHandler::register" />
        <option value="\Symfony\Component\Debug\ExceptionHandler::register" />
        <option value="\TYPO3\CMS\Core\Utility\DebugUtility::debug" />
        <option value="\Zend\Debug\Debug::dump" />
        <option value="\Zend\Di\Display\Console::export" />
        <option value="dd" />
        <option value="debug_print_backtrace" />
        <option value="debug_zval_dump" />
        <option value="dpm" />
        <option value="dpq" />
        <option value="dsm" />
        <option value="dvm" />
        <option value="error_log" />
        <option value="kpr" />
        <option value="phpinfo" />
        <option value="print_r" />
        <option value="var_dump" />
        <option value="var_export" />
        <option value="xdebug_break" />
        <option value="xdebug_call_class" />
        <option value="xdebug_call_file" />
        <option value="xdebug_call_function" />
        <option value="xdebug_call_line" />
        <option value="xdebug_code_coverage_started" />
        <option value="xdebug_debug_zval" />
        <option value="xdebug_debug_zval_stdout" />
        <option value="xdebug_dump_superglobals" />
        <option value="xdebug_enable" />
        <option value="xdebug_get_code_coverage" />
        <option value="xdebug_get_collected_errors" />
        <option value="xdebug_get_declared_vars" />
        <option value="xdebug_get_function_stack" />
        <option value="xdebug_get_headers" />
        <option value="xdebug_get_monitored_functions" />
        <option value="xdebug_get_profiler_filename" />
        <option value="xdebug_get_stack_depth" />
        <option value="xdebug_get_tracefile_name" />
        <option value="xdebug_is_enabled" />
        <option value="xdebug_memory_usage" />
        <option value="xdebug_peak_memory_usage" />
        <option value="xdebug_print_function_stack" />
        <option value="xdebug_start_code_coverage" />
        <option value="xdebug_start_error_collection" />
        <option value="xdebug_start_function_monitor" />
        <option value="xdebug_start_trace" />
        <option value="xdebug_stop_code_coverage" />
        <option value="xdebug_stop_error_collection" />
        <option value="xdebug_stop_function_monitor" />
        <option value="xdebug_stop_trace" />
        <option value="xdebug_time_index" />
        <option value="xdebug_var_dump" />
      </list>
    </option>
    <option name="migratedIntoUserSpace" value="true" />
  </inspection_tool>
  <inspection_tool class="GetClassUsageInspection" enabled="false" level="WARNING" enabled_by_default="false" />
  <inspection_tool class="GetTypeMissUseInspection" enabled="false" level="WARNING" enabled_by_default="false" />
  <inspection_tool class="GherkinBrokenTableInspection" enabled="false" level="ERROR" enabled_by_default="false" />
  <inspection_tool class="GherkinMisplacedBackground" enabled="false" level="ERROR" enabled_by_default="false" />
  <inspection_tool class="HardwiredNamespacePrefix" enabled="false" level="WARNING" enabled_by_default="false" />
  <inspection_tool class="HostnameSubstitutionInspection" enabled="false" level="ERROR" enabled_by_default="false" />
  <inspection_tool class="HtmlDeprecatedTag" enabled="false" level="WARNING" enabled_by_default="false" />
  <inspection_tool class="HtmlExtraClosingTag" enabled="false" level="WARNING" enabled_by_default="false" />
  <inspection_tool class="HtmlFormInputWithoutLabel" enabled="false" level="WARNING" enabled_by_default="false" />
  <inspection_tool class="HtmlMissingClosingTag" enabled="false" level="INFORMATION" enabled_by_default="false" />
  <inspection_tool class="HtmlPresentationalElement" enabled="false" level="WARNING" enabled_by_default="false" />
  <inspection_tool class="HtmlUnknownAnchorTarget" enabled="false" level="WARNING" enabled_by_default="false" />
  <inspection_tool class="HtmlUnknownAttribute" enabled="false" level="WARNING" enabled_by_default="false">
    <option name="myValues">
      <value>
        <list size="1">
          <item index="0" class="java.lang.String" itemvalue="external_fragment" />
        </list>
      </value>
    </option>
    <option name="myCustomValuesEnabled" value="true" />
  </inspection_tool>
  <inspection_tool class="HtmlUnknownBooleanAttribute" enabled="false" level="WARNING" enabled_by_default="false" />
  <inspection_tool class="HtmlUnknownTag" enabled="false" level="WARNING" enabled_by_default="false">
    <option name="myValues">
      <value>
        <list size="11">
          <item index="0" class="java.lang.String" itemvalue="nobr" />
          <item index="1" class="java.lang.String" itemvalue="noembed" />
          <item index="2" class="java.lang.String" itemvalue="comment" />
          <item index="3" class="java.lang.String" itemvalue="noscript" />
          <item index="4" class="java.lang.String" itemvalue="embed" />
          <item index="5" class="java.lang.String" itemvalue="script" />
          <item index="6" class="java.lang.String" itemvalue="нет" />
          <item index="7" class="java.lang.String" itemvalue="все" />
          <item index="8" class="java.lang.String" itemvalue="не" />
          <item index="9" class="java.lang.String" itemvalue="file" />
          <item index="10" class="java.lang.String" itemvalue="record" />
        </list>
      </value>
    </option>
    <option name="myCustomValuesEnabled" value="true" />
  </inspection_tool>
  <inspection_tool class="HtmlUnknownTarget" enabled="false" level="WARNING" enabled_by_default="false" />
  <inspection_tool class="IfReturnReturnSimplificationInspection" enabled="false" level="WARNING" enabled_by_default="false" />
  <inspection_tool class="ImplicitMagicMethodCallInspection" enabled="false" level="WEAK WARNING" enabled_by_default="false" />
  <inspection_tool class="ImplicitTypeConversion" enabled="false" level="WARNING" enabled_by_default="false">
    <option name="BITS" value="1720" />
    <option name="FLAG_EXPLICIT_CONVERSION" value="true" />
    <option name="IGNORE_NODESET_TO_BOOLEAN_VIA_STRING" value="true" />
  </inspection_tool>
  <inspection_tool class="InArrayMissUseInspection" enabled="false" level="WARNING" enabled_by_default="false" />
  <inspection_tool class="IncompatibleMaskJS" enabled="false" level="WARNING" enabled_by_default="false" />
  <inspection_tool class="IncompleteThrowStatementsInspection" enabled="false" level="ERROR" enabled_by_default="false" />
  <inspection_tool class="InconsistentQueryBuildInspection" enabled="false" level="ERROR" enabled_by_default="false" />
  <inspection_tool class="IncorrectRandomRangeInspection" enabled="false" level="ERROR" enabled_by_default="false" />
  <inspection_tool class="IncrementDecrementOperationEquivalentInspection" enabled="false" level="WEAK WARNING" enabled_by_default="false" />
  <inspection_tool class="IndexZeroUsage" enabled="false" level="WARNING" enabled_by_default="false" />
  <inspection_tool class="InfiniteLoopJS" enabled="false" level="WARNING" enabled_by_default="false" />
  <inspection_tool class="InfiniteRecursionJS" enabled="false" level="WARNING" enabled_by_default="false" />
  <inspection_tool class="InfinityLoopInspection" enabled="false" level="ERROR" enabled_by_default="false" />
  <inspection_tool class="InjectedReferences" enabled="false" level="ERROR" enabled_by_default="false" />
  <inspection_tool class="InstanceofCanBeUsedInspection" enabled="false" level="WARNING" enabled_by_default="false" />
  <inspection_tool class="IsEmptyFunctionUsageInspection" enabled="false" level="WARNING" enabled_by_default="false" />
  <inspection_tool class="IsNullFunctionUsageInspection" enabled="false" level="WARNING" enabled_by_default="false" />
  <inspection_tool class="IssetArgumentExistenceInspection" enabled="false" level="WARNING" enabled_by_default="false" />
  <inspection_tool class="IssetConstructsCanBeMergedInspection" enabled="false" level="WEAK WARNING" enabled_by_default="false" />
  <inspection_tool class="JSAccessibilityCheck" enabled="false" level="WARNING" enabled_by_default="false" />
  <inspection_tool class="JSAnnotator" enabled="false" level="ERROR" enabled_by_default="false" />
  <inspection_tool class="JSArrowFunctionBracesCanBeRemoved" enabled="false" level="INFORMATION" enabled_by_default="false" />
  <inspection_tool class="JSBitwiseOperatorUsage" enabled="false" level="WARNING" enabled_by_default="false" />
  <inspection_tool class="JSCheckFunctionSignatures" enabled="false" level="WEAK WARNING" enabled_by_default="false" />
  <inspection_tool class="JSClosureCompilerSyntax" enabled="false" level="WARNING" enabled_by_default="false" />
  <inspection_tool class="JSCommentMatchesSignature" enabled="false" level="WARNING" enabled_by_default="false" />
  <inspection_tool class="JSComparisonWithNaN" enabled="false" level="WARNING" enabled_by_default="false" />
  <inspection_tool class="JSConsecutiveCommasInArrayLiteral" enabled="false" level="WARNING" enabled_by_default="false" />
  <inspection_tool class="JSConstructorReturnsPrimitive" enabled="false" level="WARNING" enabled_by_default="false" />
  <inspection_tool class="JSDeprecatedSymbols" enabled="false" level="WEAK WARNING" enabled_by_default="false" />
  <inspection_tool class="JSDuplicatedDeclaration" enabled="false" level="WARNING" enabled_by_default="false" />
  <inspection_tool class="JSEqualityComparisonWithCoercion" enabled="false" level="WARNING" enabled_by_default="false" />
  <inspection_tool class="JSFileReferences" enabled="false" level="WARNING" enabled_by_default="false" />
  <inspection_tool class="JSFunctionExpressionToArrowFunction" enabled="false" level="INFORMATION" enabled_by_default="false" />
  <inspection_tool class="JSIgnoredPromiseFromCall" enabled="false" level="WEAK WARNING" enabled_by_default="false" />
  <inspection_tool class="JSJQueryEfficiency" enabled="false" level="WARNING" enabled_by_default="false" />
  <inspection_tool class="JSLastCommaInArrayLiteral" enabled="false" level="WARNING" enabled_by_default="false" />
  <inspection_tool class="JSLastCommaInObjectLiteral" enabled="false" level="WARNING" enabled_by_default="false" />
  <inspection_tool class="JSMethodCanBeStatic" enabled="false" level="WARNING" enabled_by_default="false" />
  <inspection_tool class="JSMismatchedCollectionQueryUpdate" enabled="false" level="WARNING" enabled_by_default="false">
    <option name="queries" value="trace,write,forEach,length" />
    <option name="updates" value="pop,push,shift,splice,unshift,add,insert,remove" />
  </inspection_tool>
  <inspection_tool class="JSNonASCIINames" enabled="false" level="WARNING" enabled_by_default="false" />
  <inspection_tool class="JSPotentiallyInvalidConstructorUsage" enabled="false" level="WARNING" enabled_by_default="false">
    <option name="myConsiderUppercaseFunctionsToBeConstructors" value="true" />
  </inspection_tool>
  <inspection_tool class="JSPotentiallyInvalidTargetOfIndexedPropertyAccess" enabled="false" level="WARNING" enabled_by_default="false" />
  <inspection_tool class="JSPotentiallyInvalidUsageOfClassThis" enabled="false" level="WARNING" enabled_by_default="false" />
  <inspection_tool class="JSPotentiallyInvalidUsageOfThis" enabled="false" level="WARNING" enabled_by_default="false" />
  <inspection_tool class="JSPrimitiveTypeWrapperUsage" enabled="false" level="WARNING" enabled_by_default="false" />
  <inspection_tool class="JSRedeclarationOfBlockScope" enabled="false" level="ERROR" enabled_by_default="false" />
  <inspection_tool class="JSReferencingArgumentsOutsideOfFunction" enabled="false" level="ERROR" enabled_by_default="false" />
  <inspection_tool class="JSReferencingMutableVariableFromClosure" enabled="false" level="WARNING" enabled_by_default="false" />
  <inspection_tool class="JSRemoveUnnecessaryParentheses" enabled="false" level="INFORMATION" enabled_by_default="false" />
  <inspection_tool class="JSStringConcatenationToES6Template" enabled="false" level="INFORMATION" enabled_by_default="false" />
  <inspection_tool class="JSSuspiciousNameCombination" enabled="false" level="WARNING" enabled_by_default="false">
    <group names="x,width,left,right" />
    <group names="y,height,top,bottom" />
    <exclude classes="Math" />
  </inspection_tool>
  <inspection_tool class="JSTypeOfValues" enabled="false" level="WARNING" enabled_by_default="false" />
  <inspection_tool class="JSUndeclaredVariable" enabled="false" level="WEAK WARNING" enabled_by_default="false" />
  <inspection_tool class="JSUndefinedPropertyAssignment" enabled="false" level="WEAK WARNING" enabled_by_default="false" />
  <inspection_tool class="JSUnfilteredForInLoop" enabled="false" level="WARNING" enabled_by_default="false" />
  <inspection_tool class="JSUnnecessarySemicolon" enabled="false" level="WARNING" enabled_by_default="false" />
  <inspection_tool class="JSUnresolvedExtXType" enabled="false" level="WARNING" enabled_by_default="false" />
  <inspection_tool class="JSUnresolvedFunction" enabled="false" level="WEAK WARNING" enabled_by_default="false" />
  <inspection_tool class="JSUnresolvedLibraryURL" enabled="false" level="WARNING" enabled_by_default="false" />
  <inspection_tool class="JSUnresolvedVariable" enabled="false" level="WEAK WARNING" enabled_by_default="false" />
  <inspection_tool class="JSUnusedAssignment" enabled="false" level="WARNING" enabled_by_default="false" />
  <inspection_tool class="JSUnusedGlobalSymbols" enabled="false" level="WARNING" enabled_by_default="false" />
  <inspection_tool class="JSUnusedLocalSymbols" enabled="false" level="WARNING" enabled_by_default="false" />
  <inspection_tool class="JSValidateJSDoc" enabled="false" level="WARNING" enabled_by_default="false" />
  <inspection_tool class="JSValidateTypes" enabled="false" level="WEAK WARNING" enabled_by_default="false" />
  <inspection_tool class="JSXNamespaceValidation" enabled="false" level="WEAK WARNING" enabled_by_default="false" />
  <inspection_tool class="Json5StandardCompliance" enabled="false" level="ERROR" enabled_by_default="false" />
  <inspection_tool class="JsonDuplicatePropertyKeys" enabled="false" level="WARNING" enabled_by_default="false" />
  <inspection_tool class="JsonSchemaCompliance" enabled="false" level="WARNING" enabled_by_default="false" />
  <inspection_tool class="JsonStandardCompliance" enabled="false" level="ERROR" enabled_by_default="false" />
  <inspection_tool class="LessResolvedByNameOnly" enabled="false" level="WEAK WARNING" enabled_by_default="false" />
  <inspection_tool class="LessUnresolvedMixin" enabled="false" level="WARNING" enabled_by_default="false" />
  <inspection_tool class="LessUnresolvedVariable" enabled="false" level="WARNING" enabled_by_default="false" />
  <inspection_tool class="LongInheritanceChainInspection" enabled="false" level="WARNING" enabled_by_default="false" />
  <inspection_tool class="LoopStatementThatDoesntLoopJS" enabled="false" level="WARNING" enabled_by_default="false" />
  <inspection_tool class="LoopWhichDoesNotLoopInspection" enabled="false" level="WARNING" enabled_by_default="false" />
  <inspection_tool class="LossyEncoding" enabled="false" level="WARNING" enabled_by_default="false" />
  <inspection_tool class="LowerAccessLevelInspection" enabled="false" level="WEAK WARNING" enabled_by_default="false" />
  <inspection_tool class="MagicMethodsValidityInspection" enabled="false" level="ERROR" enabled_by_default="false" />
  <inspection_tool class="MarkdownUnresolvedFileReference" enabled="false" level="WARNING" enabled_by_default="false" />
  <inspection_tool class="MessDetectorValidationInspection" enabled="false" level="WEAK WARNING" enabled_by_default="false">
    <option name="CODESIZE" value="true" />
    <option name="CONTROVERSIAL" value="true" />
    <option name="DESIGN" value="true" />
    <option name="UNUSEDCODE" value="true" />
    <option name="NAMING" value="true" />
  </inspection_tool>
  <inspection_tool class="MisorderedModifiersInspection" enabled="false" level="WEAK WARNING" enabled_by_default="false" />
  <inspection_tool class="MissedFieldInspection" enabled="false" level="ERROR" enabled_by_default="false" />
  <inspection_tool class="MissedParamInspection" enabled="false" level="ERROR" enabled_by_default="false" />
  <inspection_tool class="MissedViewInspection" enabled="false" level="ERROR" enabled_by_default="false" />
  <inspection_tool class="MissingActiveRecordInActiveQueryInspection" enabled="false" level="ERROR" enabled_by_default="false" />
  <inspection_tool class="MissingIssetImplementationInspection" enabled="false" level="ERROR" enabled_by_default="false" />
  <inspection_tool class="MissingOrEmptyGroupStatementInspection" enabled="false" level="WEAK WARNING" enabled_by_default="false" />
  <inspection_tool class="MissingPropertyAnnotationsInspection" enabled="false" level="WEAK WARNING" enabled_by_default="false" />
  <inspection_tool class="MissingSinceTagDocInspection" enabled="false" level="WEAK WARNING" enabled_by_default="false" />
  <inspection_tool class="MissingTranslationsInspection" enabled="false" level="WEAK WARNING" enabled_by_default="false" />
  <inspection_tool class="MkdirRaceConditionInspection" enabled="false" level="ERROR" enabled_by_default="false" />
  <inspection_tool class="MktimeUsageInspection" enabled="false" level="WARNING" enabled_by_default="false" />
  <inspection_tool class="MockingMethodsCorrectnessInspection" enabled="false" level="WARNING" enabled_by_default="false" />
  <inspection_tool class="MultiAssignmentUsageInspection" enabled="false" level="WEAK WARNING" enabled_by_default="false" />
  <inspection_tool class="MysqlParsingInspection" enabled="false" level="WARNING" enabled_by_default="false" />
  <inspection_tool class="NestedNotOperatorsInspection" enabled="false" level="WEAK WARNING" enabled_by_default="false" />
  <inspection_tool class="NestedPositiveIfStatementsInspection" enabled="false" level="WEAK WARNING" enabled_by_default="false" />
  <inspection_tool class="NestedTernaryOperatorInspection" enabled="false" level="WARNING" enabled_by_default="false" />
  <inspection_tool class="NodeJsCodingAssistanceForCoreModules" enabled="false" level="WARNING" enabled_by_default="false" />
  <inspection_tool class="NodeModulesDependencies" enabled="false" level="WEAK WARNING" enabled_by_default="false" />
  <inspection_tool class="NonAsciiCharacters" enabled="false" level="WARNING" enabled_by_default="false" />
  <inspection_tool class="NonSecureCryptUsageInspection" enabled="false" level="ERROR" enabled_by_default="false" />
  <inspection_tool class="NonSecureExtractUsageInspection" enabled="false" level="ERROR" enabled_by_default="false" />
  <inspection_tool class="NonSecureParseStrUsageInspection" enabled="false" level="ERROR" enabled_by_default="false" />
  <inspection_tool class="NonSecureUniqidUsageInspection" enabled="false" level="ERROR" enabled_by_default="false" />
  <inspection_tool class="NotOptimalIfConditionsInspection" enabled="false" level="WARNING" enabled_by_default="false">
    <option name="SUGGEST_OPTIMIZING_CONDITIONS" value="false" />
  </inspection_tool>
  <inspection_tool class="NotOptimalRegularExpressionsInspection" enabled="false" level="WARNING" enabled_by_default="false" />
  <inspection_tool class="NpmUsedModulesInstalled" enabled="false" level="WEAK WARNING" enabled_by_default="false" />
  <inspection_tool class="NullCoalescingOperatorCanBeUsedInspection" enabled="false" level="WEAK WARNING" enabled_by_default="false" />
  <inspection_tool class="NullPointerExceptionInspection" enabled="false" level="WARNING" enabled_by_default="false" />
  <inspection_tool class="OctalIntegerJS" enabled="false" level="WARNING" enabled_by_default="false" />
  <inspection_tool class="OneTimeUseVariablesInspection" enabled="false" level="WARNING" enabled_by_default="false" />
  <inspection_tool class="OnlyWritesOnParameterInspection" enabled="false" level="WEAK WARNING" enabled_by_default="false" />
  <inspection_tool class="OpAssignShortSyntaxInspection" enabled="false" level="WEAK WARNING" enabled_by_default="false" />
  <inspection_tool class="OverridingDeprecatedMethodInspection" enabled="false" level="WARNING" enabled_by_default="false" />
  <inspection_tool class="PackageJsonMismatchedDependency" enabled="false" level="WARNING" enabled_by_default="false" />
  <inspection_tool class="PackedHashtableOptimizationInspection" enabled="false" level="WEAK WARNING" enabled_by_default="false" />
  <inspection_tool class="PassingByReferenceCorrectnessInspection" enabled="false" level="WARNING" enabled_by_default="false" />
  <inspection_tool class="PdoApiUsageInspection" enabled="false" level="WEAK WARNING" enabled_by_default="false" />
  <inspection_tool class="PhingDomInspection" enabled="false" level="ERROR" enabled_by_default="false" />
  <inspection_tool class="PhpAbstractStaticMethodInspection" enabled="false" level="WARNING" enabled_by_default="false" />
  <inspection_tool class="PhpArrayFillCanBeConvertedToLoopInspection" enabled="false" level="INFORMATION" enabled_by_default="false" />
  <inspection_tool class="PhpArrayFilterCanBeConvertedToLoopInspection" enabled="false" level="INFORMATION" enabled_by_default="false" />
  <inspection_tool class="PhpArrayMapCanBeConvertedToLoopInspection" enabled="false" level="INFORMATION" enabled_by_default="false" />
  <inspection_tool class="PhpAssignmentReplaceableWithOperatorAssignmentInspection" enabled="false" level="INFORMATION" enabled_by_default="false" />
  <inspection_tool class="PhpAssignmentReplaceableWithPrefixExpressionInspection" enabled="false" level="INFORMATION" enabled_by_default="false" />
  <inspection_tool class="PhpCSValidationInspection" enabled="false" level="WEAK WARNING" enabled_by_default="false">
    <option name="CODING_STANDARD" value="Custom" />
  </inspection_tool>
  <inspection_tool class="PhpComposerExtensionStubsInspection" enabled="false" level="WARNING" enabled_by_default="false" />
  <inspection_tool class="PhpConstantReassignmentInspection" enabled="false" level="WARNING" enabled_by_default="false" />
  <inspection_tool class="PhpConstructorStyleInspection" enabled="false" level="WARNING" enabled_by_default="false" />
  <inspection_tool class="PhpDeprecationInspection" enabled="false" level="WEAK WARNING" enabled_by_default="false" />
  <inspection_tool class="PhpDisabledExtensionStubsInspection" enabled="false" level="INFORMATION" enabled_by_default="false" />
  <inspection_tool class="PhpDocMissingReturnTagInspection" enabled="false" level="WEAK WARNING" enabled_by_default="false" />
  <inspection_tool class="PhpDocMissingThrowsInspection" enabled="false" level="WEAK WARNING" enabled_by_default="false" />
  <inspection_tool class="PhpDocRedundantThrowsInspection" enabled="false" level="WEAK WARNING" enabled_by_default="false" />
  <inspection_tool class="PhpDocSignatureInspection" enabled="false" level="WEAK WARNING" enabled_by_default="false" />
  <inspection_tool class="PhpDuplicateArrayKeysInspection" enabled="false" level="WARNING" enabled_by_default="false" />
  <inspection_tool class="PhpDuplicateCaseInspection" enabled="false" level="WARNING" enabled_by_default="false" />
  <inspection_tool class="PhpDynamicAsStaticMethodCallInspection" enabled="false" level="WARNING" enabled_by_default="false" />
  <inspection_tool class="PhpExpressionResultUnusedInspection" enabled="false" level="WARNING" enabled_by_default="false" />
  <inspection_tool class="PhpForeachArrayIsUsedAsValueInspection" enabled="false" level="WARNING" enabled_by_default="false" />
  <inspection_tool class="PhpForeachNestedOuterKeyValueVariablesConflictInspection" enabled="false" level="WARNING" enabled_by_default="false" />
  <inspection_tool class="PhpGotoIntoLoopInspection" enabled="false" level="ERROR" enabled_by_default="false" />
  <inspection_tool class="PhpHierarchyChecksInspection" enabled="false" level="ERROR" enabled_by_default="false" />
  <inspection_tool class="PhpIgnoredClassAliasDeclaration" enabled="false" level="WEAK WARNING" enabled_by_default="false" />
  <inspection_tool class="PhpIllegalArrayKeyTypeInspection" enabled="false" level="WARNING" enabled_by_default="false" />
  <inspection_tool class="PhpIllegalStringOffsetInspection" enabled="false" level="WARNING" enabled_by_default="false" />
  <inspection_tool class="PhpIncludeInspection" enabled="false" level="WARNING" enabled_by_default="false" />
  <inspection_tool class="PhpIncompatibleReturnTypeInspection" enabled="false" level="WARNING" enabled_by_default="false" />
  <inspection_tool class="PhpInconsistentReturnPointsInspection" enabled="false" level="WARNING" enabled_by_default="false" />
  <inspection_tool class="PhpInternalEntityUsedInspection" enabled="false" level="WEAK WARNING" enabled_by_default="false" />
  <inspection_tool class="PhpInvalidMagicMethodModifiersInspection" enabled="false" level="WARNING" enabled_by_default="false" />
  <inspection_tool class="PhpLanguageLevelInspection" enabled="false" level="ERROR" enabled_by_default="false" />
  <inspection_tool class="PhpLoopCanBeConvertedToArrayFillInspection" enabled="false" level="INFORMATION" enabled_by_default="false" />
  <inspection_tool class="PhpLoopCanBeConvertedToArrayFilterInspection" enabled="false" level="INFORMATION" enabled_by_default="false" />
  <inspection_tool class="PhpLoopCanBeConvertedToArrayMapInspection" enabled="false" level="INFORMATION" enabled_by_default="false" />
  <inspection_tool class="PhpMethodParametersCountMismatchInspection" enabled="false" level="WARNING" enabled_by_default="false" />
  <inspection_tool class="PhpMissingBreakStatementInspection" enabled="false" level="WARNING" enabled_by_default="false" />
  <inspection_tool class="PhpMissingParentConstructorInspection" enabled="false" level="WARNING" enabled_by_default="false" />
  <inspection_tool class="PhpNonCompoundUseInspection" enabled="false" level="WARNING" enabled_by_default="false" />
  <inspection_tool class="PhpNonStrictObjectEqualityInspection" enabled="false" level="WARNING" enabled_by_default="false" />
  <inspection_tool class="PhpOptionalBeforeRequiredParametersInspection" enabled="false" level="WARNING" enabled_by_default="false" />
  <inspection_tool class="PhpParamsInspection" enabled="false" level="WARNING" enabled_by_default="false" />
  <inspection_tool class="PhpPassByRefInspection" enabled="false" level="ERROR" enabled_by_default="false" />
  <inspection_tool class="PhpRedundantCatchClauseInspection" enabled="false" level="WARNING" enabled_by_default="false" />
  <inspection_tool class="PhpRedundantClosingTagInspection" enabled="false" level="WEAK WARNING" enabled_by_default="false" />
  <inspection_tool class="PhpSignatureMismatchDuringInheritanceInspection" enabled="false" level="WARNING" enabled_by_default="false" />
  <inspection_tool class="PhpSillyAssignmentInspection" enabled="false" level="WARNING" enabled_by_default="false" />
  <inspection_tool class="PhpStatementHasEmptyBodyInspection" enabled="false" level="WARNING" enabled_by_default="false" />
  <inspection_tool class="PhpStrictTypeCheckingInspection" enabled="false" level="ERROR" enabled_by_default="false" />
  <inspection_tool class="PhpSuperClassIncompatibleWithInterfaceInspection" enabled="false" level="ERROR" enabled_by_default="false" />
  <inspection_tool class="PhpToStringImplementationInspection" enabled="false" level="WARNING" enabled_by_default="false" />
  <inspection_tool class="PhpToStringReturnInspection" enabled="false" level="ERROR" enabled_by_default="false" />
  <inspection_tool class="PhpTooManyParametersInspection" enabled="false" level="WARNING" enabled_by_default="false">
    <option name="limit" value="8" />
  </inspection_tool>
  <inspection_tool class="PhpUndefinedCallbackInspection" enabled="true" level="WARNING" enabled_by_default="true" />
  <inspection_tool class="PhpUnhandledExceptionInspection" enabled="false" level="WARNING" enabled_by_default="false" />
  <inspection_tool class="PhpUnitCoversFunctionWithoutScopeResolutionOperatorInspection" enabled="false" level="WARNING" enabled_by_default="false" />
  <inspection_tool class="PhpUnitMissingTargetForTestInspection" enabled="false" level="INFORMATION" enabled_by_default="false" />
  <inspection_tool class="PhpUnitTestsInspection" enabled="false" level="WEAK WARNING" enabled_by_default="false" />
  <inspection_tool class="PhpUnitUndefinedDataProviderInspection" enabled="false" level="WARNING" enabled_by_default="false" />
  <inspection_tool class="PhpUnnecessaryFullyQualifiedNameInspection" enabled="false" level="WEAK WARNING" enabled_by_default="false" />
  <inspection_tool class="PhpUnreachableStatementInspection" enabled="false" level="WARNING" enabled_by_default="false" />
  <inspection_tool class="PhpUnusedAliasInspection" enabled="false" level="WARNING" enabled_by_default="false" />
  <inspection_tool class="PhpUnusedLocalVariableInspection" enabled="false" level="WARNING" enabled_by_default="false" />
  <inspection_tool class="PhpUnusedParameterInspection" enabled="false" level="WARNING" enabled_by_default="false">
    <option name="DONT_REPORT_ANONYMOUS" value="true" />
  </inspection_tool>
  <inspection_tool class="PhpUnusedPrivateFieldInspection" enabled="false" level="WARNING" enabled_by_default="false" />
  <inspection_tool class="PhpUnusedPrivateMethodInspection" enabled="false" level="WARNING" enabled_by_default="false" />
  <inspection_tool class="PhpVoidFunctionResultUsedInspection" enabled="false" level="WARNING" enabled_by_default="false" />
  <inspection_tool class="PhpWrongCatchClausesOrderInspection" enabled="false" level="WARNING" enabled_by_default="false" />
  <inspection_tool class="PhpWrongForeachArgumentTypeInspection" enabled="false" level="WARNING" enabled_by_default="false" />
  <inspection_tool class="PhpWrongStringConcatenationInspection" enabled="false" level="WARNING" enabled_by_default="false" />
  <inspection_tool class="PointlessArithmeticExpressionJS" enabled="false" level="WARNING" enabled_by_default="false" />
  <inspection_tool class="PointlessBitwiseExpressionJS" enabled="false" level="WARNING" enabled_by_default="false">
    <option name="m_ignoreExpressionsContainingConstants" value="false" />
  </inspection_tool>
  <inspection_tool class="PointlessBooleanExpressionJS" enabled="false" level="WARNING" enabled_by_default="false" />
  <inspection_tool class="PotentialMalwareInspection" enabled="false" level="ERROR" enabled_by_default="false" />
  <inspection_tool class="PowerOperatorCanBeUsedInspection" enabled="false" level="WARNING" enabled_by_default="false" />
  <inspection_tool class="PregQuoteUsageInspection" enabled="false" level="ERROR" enabled_by_default="false" />
  <inspection_tool class="PrintfScanfArgumentsInspection" enabled="false" level="ERROR" enabled_by_default="false" />
  <inspection_tool class="PropertiesInspection" enabled="false" level="ERROR" enabled_by_default="false" />
  <inspection_tool class="PropertyCanBeStaticInspection" enabled="false" level="WEAK WARNING" enabled_by_default="false" />
  <inspection_tool class="PropertyInitializationFlawsInspection" enabled="false" level="WEAK WARNING" enabled_by_default="false" />
  <inspection_tool class="RandomApiMigrationInspection" enabled="false" level="WARNING" enabled_by_default="false" />
  <inspection_tool class="RealpathInSteamContextInspection" enabled="false" level="WARNING" enabled_by_default="false" />
  <inspection_tool class="RedundantElseClauseInspection" enabled="false" level="WARNING" enabled_by_default="false" />
  <inspection_tool class="RedundantTypeConversion" enabled="false" level="WARNING" enabled_by_default="false">
    <option name="CHECK_ANY" value="false" />
  </inspection_tool>
  <inspection_tool class="ReferenceMismatchInspection" enabled="false" level="WARNING" enabled_by_default="false" />
  <inspection_tool class="ReferencingObjectsInspection" enabled="false" level="WARNING" enabled_by_default="false" />
  <inspection_tool class="RegExpDuplicateAlternationBranch" enabled="false" level="WARNING" enabled_by_default="false" />
  <inspection_tool class="RegExpEmptyAlternationBranch" enabled="false" level="WARNING" enabled_by_default="false" />
  <inspection_tool class="RegExpEscapedMetaCharacter" enabled="false" level="INFORMATION" enabled_by_default="false" />
  <inspection_tool class="RegExpOctalEscape" enabled="false" level="INFORMATION" enabled_by_default="false" />
  <inspection_tool class="RegExpRedundantEscape" enabled="false" level="WARNING" enabled_by_default="false" />
  <inspection_tool class="RegExpRepeatedSpace" enabled="false" level="WARNING" enabled_by_default="false" />
  <inspection_tool class="RegExpSingleCharAlternation" enabled="false" level="WARNING" enabled_by_default="false" />
  <inspection_tool class="RegExpUnexpectedAnchor" enabled="false" level="WARNING" enabled_by_default="false" />
  <inspection_tool class="RequireParameterInspection" enabled="false" level="ERROR" enabled_by_default="false" />
  <inspection_tool class="RequiredAttributes" enabled="false" level="WARNING" enabled_by_default="false">
    <option name="myAdditionalRequiredHtmlAttributes" value="" />
  </inspection_tool>
  <inspection_tool class="ReservedWordUsedAsNameJS" enabled="false" level="WARNING" enabled_by_default="false" />
  <inspection_tool class="ReturnFromFinallyBlockJS" enabled="false" level="WARNING" enabled_by_default="false" />
  <inspection_tool class="ReturnTypeCanBeDeclaredInspection" enabled="false" level="WEAK WARNING" enabled_by_default="false" />
  <inspection_tool class="RsaOraclePaddingAttacksInspection" enabled="false" level="ERROR" enabled_by_default="false" />
  <inspection_tool class="SassScssResolvedByNameOnly" enabled="false" level="WEAK WARNING" enabled_by_default="false" />
  <inspection_tool class="SassScssUnresolvedMixin" enabled="false" level="WARNING" enabled_by_default="false" />
  <inspection_tool class="SassScssUnresolvedPlaceholderSelector" enabled="false" level="WARNING" enabled_by_default="false" />
  <inspection_tool class="SassScssUnresolvedVariable" enabled="false" level="WARNING" enabled_by_default="false" />
  <inspection_tool class="ScandirUsageInspection" enabled="false" level="ERROR" enabled_by_default="false" />
  <inspection_tool class="SecurityAdvisoriesInspection" enabled="false" level="WARNING" enabled_by_default="false">
    <option name="optionConfiguration">
      <list>
        <option value="behat/behat" />
        <option value="brianium/paratest" />
        <option value="codeception/codeception" />
        <option value="codedungeon/phpunit-result-printer" />
        <option value="composer/composer" />
        <option value="filp/whoops" />
        <option value="friendsofphp/php-cs-fixer" />
        <option value="humbug/humbug" />
        <option value="infection/infection" />
        <option value="jakub-onderka/php-parallel-lint" />
        <option value="johnkary/phpunit-speedtrap" />
        <option value="mikey179/vfsStream" />
        <option value="mockery/mockery" />
        <option value="mybuilder/phpunit-accelerator" />
        <option value="orchestra/testbench" />
        <option value="pdepend/pdepend" />
        <option value="phan/phan" />
        <option value="phing/phing" />
        <option value="phpmd/phpmd" />
        <option value="phpro/grumphp" />
        <option value="phpspec/phpspec" />
        <option value="phpspec/prophecy" />
        <option value="phpstan/phpstan" />
        <option value="phpunit/dbunit" />
        <option value="phpunit/phpcov" />
        <option value="phpunit/phpunit" />
        <option value="phpunit/phpunit-selenium" />
        <option value="povils/phpmnd" />
        <option value="roave/security-advisories" />
        <option value="satooshi/php-coveralls" />
        <option value="sebastian/phpcpd" />
        <option value="slevomat/coding-standard" />
        <option value="spatie/phpunit-watcher" />
        <option value="squizlabs/php_codesniffer" />
        <option value="sstalle/php7cc" />
        <option value="symfony/debug" />
        <option value="symfony/maker-bundle" />
        <option value="symfony/phpunit-bridge" />
        <option value="symfony/var-dumper" />
        <option value="vimeo/psalm" />
        <option value="wimg/php-compatibility" />
        <option value="yiisoft/yii2-debug" />
        <option value="yiisoft/yii2-gii" />
        <option value="zendframework/zend-debug" />
        <option value="zendframework/zend-test" />
      </list>
    </option>
  </inspection_tool>
  <inspection_tool class="SelfClassReferencingInspection" enabled="false" level="WEAK WARNING" enabled_by_default="false" />
  <inspection_tool class="SenselessMethodDuplicationInspection" enabled="false" level="WARNING" enabled_by_default="false" />
  <inspection_tool class="SenselessProxyMethodInspection" enabled="false" level="WARNING" enabled_by_default="false" />
  <inspection_tool class="SenselessTernaryOperatorInspection" enabled="false" level="WARNING" enabled_by_default="false" />
  <inspection_tool class="ShiftOutOfRangeJS" enabled="false" level="WARNING" enabled_by_default="false" />
  <inspection_tool class="ShortListSyntaxCanBeUsedInspection" enabled="false" level="WEAK WARNING" enabled_by_default="false" />
  <inspection_tool class="ShortOpenTagUsageInspection" enabled="false" level="WEAK WARNING" enabled_by_default="false" />
  <inspection_tool class="SillyAssignmentJS" enabled="false" level="WARNING" enabled_by_default="false" />
  <inspection_tool class="SimpleXmlLoadFileUsageInspection" enabled="false" level="ERROR" enabled_by_default="false" />
  <inspection_tool class="SlowArrayOperationsInLoopInspection" enabled="false" level="ERROR" enabled_by_default="false" />
  <inspection_tool class="SpellCheckingInspection" enabled="false" level="TYPO" enabled_by_default="false">
    <option name="processCode" value="true" />
    <option name="processLiterals" value="true" />
    <option name="processComments" value="true" />
  </inspection_tool>
  <inspection_tool class="SqlAddNotNullColumnInspection" enabled="false" level="WARNING" enabled_by_default="false" />
  <inspection_tool class="SqlAmbiguousColumnInspection" enabled="false" level="WARNING" enabled_by_default="false" />
  <inspection_tool class="SqlAutoIncrementDuplicateInspection" enabled="false" level="WARNING" enabled_by_default="false" />
  <inspection_tool class="SqlCheckUsingColumnsInspection" enabled="false" level="WARNING" enabled_by_default="false" />
  <inspection_tool class="SqlConstantConditionInspection" enabled="false" level="WARNING" enabled_by_default="false" />
  <inspection_tool class="SqlDeprecateTypeInspection" enabled="false" level="WARNING" enabled_by_default="false" />
  <inspection_tool class="SqlDerivedTableAliasInspection" enabled="false" level="WARNING" enabled_by_default="false" />
  <inspection_tool class="SqlDialectInspection" enabled="false" level="WARNING" enabled_by_default="false" />
  <inspection_tool class="SqlDropIndexedColumnInspection" enabled="false" level="WARNING" enabled_by_default="false" />
  <inspection_tool class="SqlIdentifierInspection" enabled="false" level="WARNING" enabled_by_default="false" />
  <inspection_tool class="SqlInsertValuesInspection" enabled="false" level="WARNING" enabled_by_default="false" />
  <inspection_tool class="SqlNoDataSourceInspection" enabled="false" level="WARNING" enabled_by_default="false" />
  <inspection_tool class="SqlNullComparisonInspection" enabled="false" level="WARNING" enabled_by_default="false" />
  <inspection_tool class="SqlPostgresqlSelectFromProcedureInspection" enabled="false" level="WARNING" enabled_by_default="false" />
  <inspection_tool class="SqlResolveInspection" enabled="false" level="WARNING" enabled_by_default="false" />
  <inspection_tool class="SqlShouldBeInGroupByInspection" enabled="false" level="WARNING" enabled_by_default="false" />
  <inspection_tool class="SqlSideEffectsInspection" enabled="false" level="WARNING" enabled_by_default="false" />
  <inspection_tool class="SqlSignatureInspection" enabled="false" level="WARNING" enabled_by_default="false" />
  <inspection_tool class="SqlStorageInspection" enabled="false" level="WARNING" enabled_by_default="false" />
  <inspection_tool class="SqlTypeInspection" enabled="false" level="WARNING" enabled_by_default="false" />
  <inspection_tool class="SqlUnusedVariableInspection" enabled="false" level="WARNING" enabled_by_default="false" />
  <inspection_tool class="StaticInvocationViaThisInspection" enabled="false" level="WARNING" enabled_by_default="false" />
  <inspection_tool class="StrStrUsedAsStrPosInspection" enabled="false" level="WARNING" enabled_by_default="false" />
  <inspection_tool class="StrTrUsageAsStrReplaceInspection" enabled="false" level="WEAK WARNING" enabled_by_default="false" />
  <inspection_tool class="StringCaseManipulationInspection" enabled="false" level="WEAK WARNING" enabled_by_default="false" />
  <inspection_tool class="StringNormalizationInspection" enabled="false" level="WEAK WARNING" enabled_by_default="false" />
  <inspection_tool class="StringsFirstCharactersCompareInspection" enabled="false" level="ERROR" enabled_by_default="false" />
  <inspection_tool class="StrlenInEmptyStringCheckContextInspection" enabled="false" level="WARNING" enabled_by_default="false" />
  <inspection_tool class="StrtotimeUsageInspection" enabled="false" level="WARNING" enabled_by_default="false" />
  <inspection_tool class="SubStrShortHandUsageInspection" enabled="false" level="WARNING" enabled_by_default="false" />
  <inspection_tool class="SubStrUsedAsArrayAccessInspection" enabled="false" level="WARNING" enabled_by_default="false" />
  <inspection_tool class="SubStrUsedAsStrPosInspection" enabled="false" level="WEAK WARNING" enabled_by_default="false" />
  <inspection_tool class="SummerTimeUnsafeTimeManipulationInspection" enabled="false" level="ERROR" enabled_by_default="false" />
  <inspection_tool class="SuspiciousAssignmentsInspection" enabled="false" level="ERROR" enabled_by_default="false" />
  <inspection_tool class="SuspiciousBinaryOperationInspection" enabled="false" level="ERROR" enabled_by_default="false" />
  <inspection_tool class="SuspiciousInstanceOfGuard" enabled="false" level="WARNING" enabled_by_default="false" />
  <inspection_tool class="SuspiciousLoopInspection" enabled="false" level="ERROR" enabled_by_default="false" />
  <inspection_tool class="SuspiciousReturnInspection" enabled="false" level="ERROR" enabled_by_default="false" />
  <inspection_tool class="SuspiciousSemicolonInspection" enabled="false" level="ERROR" enabled_by_default="false" />
  <inspection_tool class="SuspiciousTernaryOperatorInspection" enabled="false" level="ERROR" enabled_by_default="false" />
  <inspection_tool class="SuspiciousTypeOfGuard" enabled="false" level="WARNING" enabled_by_default="false" />
  <inspection_tool class="SwitchContinuationInLoopInspection" enabled="false" level="ERROR" enabled_by_default="false" />
  <inspection_tool class="SyntaxError" enabled="false" level="ERROR" enabled_by_default="false" />
  <inspection_tool class="TaskProblemsInspection" enabled="false" level="WEAK WARNING" enabled_by_default="false" />
  <inspection_tool class="TernaryOperatorSimplifyInspection" enabled="false" level="WEAK WARNING" enabled_by_default="false" />
  <inspection_tool class="ThisExpressionReferencesGlobalObjectJS" enabled="false" level="WARNING" enabled_by_default="false" />
  <inspection_tool class="ThrowFromFinallyBlockJS" enabled="false" level="WARNING" enabled_by_default="false" />
  <inspection_tool class="ThrowRawExceptionInspection" enabled="false" level="WEAK WARNING" enabled_by_default="false" />
  <inspection_tool class="TraitsPropertiesConflictsInspection" enabled="false" level="ERROR" enabled_by_default="false" />
  <inspection_tool class="TranslationsCorrectnessInspection" enabled="false" level="WEAK WARNING" enabled_by_default="false" />
  <inspection_tool class="TrivialConditionalJS" enabled="false" level="WARNING" enabled_by_default="false" />
  <inspection_tool class="TrivialIfJS" enabled="false" level="WARNING" enabled_by_default="false" />
  <inspection_tool class="TypeScriptAbstractClassConstructorCanBeMadeProtected" enabled="false" level="WEAK WARNING" enabled_by_default="false" />
  <inspection_tool class="TypeScriptAccessibilityCheck" enabled="false" level="WEAK WARNING" enabled_by_default="false" />
  <inspection_tool class="TypeScriptCheckImport" enabled="false" level="ERROR" enabled_by_default="false" />
  <inspection_tool class="TypeScriptConfig" enabled="false" level="WARNING" enabled_by_default="false" />
  <inspection_tool class="TypeScriptFieldCanBeMadeReadonly" enabled="false" level="WEAK WARNING" enabled_by_default="false" />
  <inspection_tool class="TypeScriptMissingAugmentationImport" enabled="false" level="INFORMATION" enabled_by_default="false" />
  <inspection_tool class="TypeScriptPreferShortImport" enabled="false" level="WARNING" enabled_by_default="false" />
  <inspection_tool class="TypeScriptSuspiciousConstructorParameterAssignment" enabled="false" level="WARNING" enabled_by_default="false" />
  <inspection_tool class="TypeScriptUMDGlobal" enabled="false" level="WEAK WARNING" enabled_by_default="false" />
  <inspection_tool class="TypeScriptUnresolvedFunction" enabled="false" level="WEAK WARNING" enabled_by_default="false" />
  <inspection_tool class="TypeScriptUnresolvedVariable" enabled="false" level="WEAK WARNING" enabled_by_default="false" />
  <inspection_tool class="TypeScriptValidateJSTypes" enabled="false" level="WEAK WARNING" enabled_by_default="false" />
  <inspection_tool class="TypeScriptValidateTypes" enabled="false" level="ERROR" enabled_by_default="false" />
  <inspection_tool class="TypeUnsafeArraySearchInspection" enabled="false" level="WEAK WARNING" enabled_by_default="false" />
  <inspection_tool class="TypeUnsafeComparisonInspection" enabled="false" level="WARNING" enabled_by_default="false" />
  <inspection_tool class="TypesCastingCanBeUsedInspection" enabled="false" level="WARNING" enabled_by_default="false" />
  <inspection_tool class="TypescriptExplicitMemberType" enabled="false" level="INFORMATION" enabled_by_default="false" />
  <inspection_tool class="UnNecessaryDoubleQuotesInspection" enabled="false" level="WEAK WARNING" enabled_by_default="false" />
  <inspection_tool class="UnSafeIsSetOverArrayInspection" enabled="false" level="WARNING" enabled_by_default="false" />
  <inspection_tool class="UndetectableTableInspection" enabled="false" level="ERROR" enabled_by_default="false" />
  <inspection_tool class="UnknownInspectionInspection" enabled="false" level="WEAK WARNING" enabled_by_default="false" />
  <inspection_tool class="UnnecessaryAssertionInspection" enabled="false" level="WEAK WARNING" enabled_by_default="false" />
  <inspection_tool class="UnnecessaryCastingInspection" enabled="false" level="WEAK WARNING" enabled_by_default="false" />
  <inspection_tool class="UnnecessaryClosureInspection" enabled="false" level="WEAK WARNING" enabled_by_default="false" />
  <inspection_tool class="UnnecessaryContinueJS" enabled="false" level="WARNING" enabled_by_default="false" />
  <inspection_tool class="UnnecessaryFinalModifierInspection" enabled="false" level="WEAK WARNING" enabled_by_default="false" />
  <inspection_tool class="UnnecessaryIssetArgumentsInspection" enabled="false" level="WEAK WARNING" enabled_by_default="false" />
  <inspection_tool class="UnnecessaryLabelJS" enabled="false" level="WARNING" enabled_by_default="false" />
  <inspection_tool class="UnnecessaryLabelOnBreakStatementJS" enabled="false" level="WARNING" enabled_by_default="false" />
  <inspection_tool class="UnnecessaryLabelOnContinueStatementJS" enabled="false" level="WARNING" enabled_by_default="false" />
  <inspection_tool class="UnnecessaryLocalVariableJS" enabled="false" level="WARNING" enabled_by_default="false">
    <option name="m_ignoreImmediatelyReturnedVariables" value="false" />
    <option name="m_ignoreAnnotatedVariables" value="false" />
  </inspection_tool>
  <inspection_tool class="UnnecessaryParenthesesInspection" enabled="false" level="WEAK WARNING" enabled_by_default="false" />
  <inspection_tool class="UnnecessaryReturnJS" enabled="false" level="WARNING" enabled_by_default="false" />
  <inspection_tool class="UnnecessarySemicolonInspection" enabled="false" level="WEAK WARNING" enabled_by_default="false" />
  <inspection_tool class="UnnecessaryUseAliasInspection" enabled="false" level="WEAK WARNING" enabled_by_default="false" />
  <inspection_tool class="UnqualifiedReferenceInspection" enabled="false" level="WEAK WARNING" enabled_by_default="false" />
  <inspection_tool class="UnreachableCodeJS" enabled="false" level="WARNING" enabled_by_default="false" />
  <inspection_tool class="UnresolvedReference" enabled="false" level="ERROR" enabled_by_default="false" />
  <inspection_tool class="UnserializeExploitsInspection" enabled="false" level="ERROR" enabled_by_default="false" />
  <inspection_tool class="UnsetConstructsCanBeMergedInspection" enabled="false" level="WEAK WARNING" enabled_by_default="false" />
  <inspection_tool class="UnsupportedEmptyListAssignmentsInspection" enabled="false" level="ERROR" enabled_by_default="false" />
  <inspection_tool class="UnsupportedStringOffsetOperationsInspection" enabled="false" level="ERROR" enabled_by_default="false" />
  <inspection_tool class="UnterminatedStatementJS" enabled="false" level="WARNING" enabled_by_default="false">
    <option name="ignoreSemicolonAtEndOfBlock" value="true" />
  </inspection_tool>
  <inspection_tool class="UnusedConstructorDependenciesInspection" enabled="false" level="WEAK WARNING" enabled_by_default="false" />
  <inspection_tool class="UnusedGotoLabelInspection" enabled="false" level="WEAK WARNING" enabled_by_default="false" />
  <inspection_tool class="UnusedParameterInspection" enabled="false" level="WARNING" enabled_by_default="false" />
  <inspection_tool class="UnusedTranslationsInspection" enabled="false" level="WEAK WARNING" enabled_by_default="false" />
  <inspection_tool class="UselessReturnInspection" enabled="false" level="WEAK WARNING" enabled_by_default="false" />
  <inspection_tool class="UselessUnsetInspection" enabled="false" level="WEAK WARNING" enabled_by_default="false" />
  <inspection_tool class="UsingInclusionOnceReturnValueInspection" enabled="false" level="ERROR" enabled_by_default="false" />
  <inspection_tool class="VariableFunctionsUsageInspection" enabled="false" level="WARNING" enabled_by_default="false" />
  <inspection_tool class="VueDataFunction" enabled="false" level="WARNING" enabled_by_default="false" />
  <inspection_tool class="VueDuplicateTag" enabled="false" level="WARNING" enabled_by_default="false" />
  <inspection_tool class="WebpackConfigHighlighting" enabled="false" level="WARNING" enabled_by_default="false" />
  <inspection_tool class="WithStatementJS" enabled="false" level="WARNING" enabled_by_default="false" />
  <inspection_tool class="XmlDefaultAttributeValue" enabled="false" level="WARNING" enabled_by_default="false" />
  <inspection_tool class="XmlDuplicatedId" enabled="false" level="ERROR" enabled_by_default="false" />
  <inspection_tool class="XmlHighlighting" enabled="false" level="ERROR" enabled_by_default="false" />
  <inspection_tool class="XmlInvalidId" enabled="false" level="ERROR" enabled_by_default="false" />
  <inspection_tool class="XmlPathReference" enabled="false" level="ERROR" enabled_by_default="false" />
  <inspection_tool class="XmlUnboundNsPrefix" enabled="false" level="WARNING" enabled_by_default="false" />
  <inspection_tool class="XmlUnusedNamespaceDeclaration" enabled="false" level="WARNING" enabled_by_default="false" />
  <inspection_tool class="XmlWrongRootElement" enabled="false" level="ERROR" enabled_by_default="false" />
  <inspection_tool class="XsltDeclarations" enabled="false" level="ERROR" enabled_by_default="false" />
  <inspection_tool class="XsltTemplateInvocation" enabled="false" level="ERROR" enabled_by_default="false" />
  <inspection_tool class="XsltUnusedDeclaration" enabled="false" level="WARNING" enabled_by_default="false" />
  <inspection_tool class="XsltVariableShadowing" enabled="false" level="WARNING" enabled_by_default="false" />
  <inspection_tool class="YAMLDuplicatedKeys" enabled="false" level="ERROR" enabled_by_default="false" />
  <inspection_tool class="YAMLRecursiveAlias" enabled="false" level="ERROR" enabled_by_default="false" />
  <inspection_tool class="YAMLSchemaValidation" enabled="false" level="WARNING" enabled_by_default="false" />
  <inspection_tool class="YAMLUnresolvedAlias" enabled="false" level="ERROR" enabled_by_default="false" />
  <inspection_tool class="YAMLUnusedAnchor" enabled="false" level="WARNING" enabled_by_default="false" />
</profile>